gene,jw_id,medium,n_replicates
aaeA,JW3210,LB,3
aaeA,JW3210,M63,3
aaeB,JW3209,LB,3
aaeB,JW3209,M63,3
aaeR,JW3212,LB,3
aaeR,JW3212,M63,3
aaeX,JW5541,LB,3
aaeX,JW5541,M63,3
aas,JW2804,LB,3
aas,JW2804,M63,3
aat,JW0868,LB,3
aat,JW0868,M63,3
abgA,JW5205,LB,3
abgA,JW5205,M63,3
abgB,JW1331,LB,3
abgB,JW1331,M63,3
abgR,JW1333,LB,3
abgR,JW1333,M63,3
abgT,JW5822,LB,3
abgT,JW5822,M63,3
abrB,JW5097,LB,3
abrB,JW5097,M63,3
aceA,JW3975,LB,3
aceA,JW3975,M63,3
aceB,JW3974,LB,3
aceB,JW3974,M63,3
aceE,JW0110,LB,3
aceE,JW0110,M63,3
aceF,JW0111,LB,3
aceF,JW0111,M63,3
aceK,JW3976,LB,3
aceK,JW3976,M63,3
ackA,JW2293,LB,3
ackA,JW2293,M63,3
acnA,JW1268,LB,3
acnA,JW1268,M63,3
acnB,JW0114,LB,3
acnB,JW0114,M63,3
acpT,JW3440,LB,3
acpT,JW3440,M63,3
acrA,JW0452,LB,3
acrA,JW0452,M63,3
acrB,JW0451,LB,3
acrB,JW0451,M63,3
acrD,JW2454,LB,3
acrD,JW2454,M63,3
acrE,JW3233,LB,3
acrE,JW3233,M63,3
acrF,JW3234,LB,3
acrF,JW3234,M63,3
acrR,JW0453,LB,3
acrR,JW0453,M63,3
acs,JW4030,LB,3
acs,JW4030,M63,3
actP,JW4028,LB,3
actP,JW4028,M63,3
ada,JW2201,LB,3
ada,JW2201,M63,3
add,JW1615,LB,3
add,JW1615,M63,3
ade,JW3640,LB,3
ade,JW3640,M63,3
adhE,JW1228,LB,3
adhE,JW1228,M63,3
adhP,JW1474,LB,3
adhP,JW1474,M63,3
adiA,JW5731,LB,3
adiA,JW5731,M63,3
adiC,JW4076,LB,3
adiC,JW4076,M63,3
adiY,JW4077,LB,3
adiY,JW4077,M63,3
aegA,JW2452,LB,3
aegA,JW2452,M63,3
aer,JW3043,LB,3
aer,JW3043,M63,3
aes,JW0465,LB,3
aes,JW0465,M63,3
afuB,JW0255,LB,3
afuB,JW0255,M63,3
afuC,JW0254,LB,3
afuC,JW0254,M63,3
agaA,JW5527,LB,3
agaA,JW5527,M63,3
agaB,JW3107,LB,3
agaB,JW3107,M63,3
agaC,JW3108,LB,3
agaC,JW3108,M63,3
agaD,JW3109,LB,3
agaD,JW3109,M63,3
agaI,JW3110,LB,3
agaI,JW3110,M63,3
agaR,JW3100,LB,3
agaR,JW3100,M63,3
agaS,JW3105,LB,3
agaS,JW3105,M63,3
agaV,JW3102,LB,3
agaV,JW3102,M63,3
agaW,JW3103,LB,3
agaW,JW3103,M63,3
agp,JW0987,LB,3
agp,JW0987,M63,3
ahpC,JW0598,LB,3
ahpC,JW0598,M63,3
ahpF,JW0599,LB,3
ahpF,JW0599,M63,3
aidB,JW5867,LB,3
aidB,JW5867,M63,3
ais,JW2246,LB,3
ais,JW2246,M63,3
alaS,JW2667,LB,3
alaS,JW2667,M63,3
aldA,JW1412,LB,3
aldA,JW1412,M63,3
aldB,JW3561,LB,3
aldB,JW3561,M63,3
alkA,JW2053,LB,3
alkA,JW2053,M63,3
alkB,JW2200,LB,3
alkB,JW2200,M63,3
allA,JW0493,LB,3
allA,JW0493,M63,3
allB,JW0500,LB,3
allB,JW0500,M63,3
allC,JW0504,LB,3
allC,JW0504,M63,3
allD,JW0505,LB,3
allD,JW0505,M63,3
allR,JW0494,LB,3
allR,JW0494,M63,3
alpA,JW2604,LB,3
alpA,JW2604,M63,3
alr,JW4013,LB,3
alr,JW4013,M63,3
alsA,JW4048,LB,3
alsA,JW4048,M63,3
alsB,JW4049,LB,3
alsB,JW4049,M63,3
alsC,JW4047,LB,3
alsC,JW4047,M63,3
alsE,JW4046,LB,3
alsE,JW4046,M63,3
alx,JW5515,LB,3
alx,JW5515,M63,3
amiA,JW2428,LB,3
amiA,JW2428,M63,3
amiB,JW4127,LB,3
amiB,JW4127,M63,3
amiC,JW5449,LB,3
amiC,JW5449,M63,3
amn,JW1963,LB,3
amn,JW1963,M63,3
ampC,JW4111,LB,3
ampC,JW4111,M63,3
ampD,JW0106,LB,3
ampD,JW0106,M63,3
ampE,JW0107,LB,3
ampE,JW0107,M63,3
ampG,JW0423,LB,3
ampG,JW0423,M63,3
ampH,JW5052,LB,3
ampH,JW5052,M63,3
amtB,JW0441,LB,3
amtB,JW0441,M63,3
amyA,JW1912,LB,3
amyA,JW1912,M63,3
ansA,JW1756,LB,3
ansA,JW1756,M63,3
ansB,JW2924,LB,3
ansB,JW2924,M63,3
ansP,JW5234,LB,3
ansP,JW5234,M63,3
apaG,JW0049,LB,3
apaG,JW0049,M63,3
apaH,JW0048,LB,3
apaH,JW0048,M63,3
aphA,JW4015,LB,3
aphA,JW4015,M63,3
appA,JW0963,LB,3
appA,JW0963,M63,3
appB,JW0961,LB,3
appB,JW0961,M63,3
appC,JW0960,LB,3
appC,JW0960,M63,3
appY,JW0553,LB,3
appY,JW0553,M63,3
apt,JW0458,LB,3
apt,JW0458,M63,3
aqpZ,JW0859,LB,3
aqpZ,JW0859,M63,3
araC,JW0063,LB,3
araC,JW0063,M63,3
araE,JW2809,LB,3
araE,JW2809,M63,3
araF,JW1889,LB,3
araF,JW1889,M63,3
araG,JW1888,LB,3
araG,JW1888,M63,3
araH,JW1887,LB,3
araH,JW1887,M63,3
araJ,JW0386,LB,3
araJ,JW0386,M63,3
arcA,JW4364,LB,3
arcA,JW4364,M63,3
arcB,JW5536,LB,3
arcB,JW5536,M63,3
argA,JW2786,LB,3
argA,JW2786,M63,3
argB,JW5553,LB,3
argB,JW5553,M63,3
argC,JW3930,LB,3
argC,JW3930,M63,3
argD,JW3322,LB,3
argD,JW3322,M63,3
argE,JW3929,LB,3
argE,JW3929,M63,3
argF,JW0266,LB,3
argF,JW0266,M63,3
argG,JW3140,LB,3
argG,JW3140,M63,3
argH,JW3932,LB,3
argH,JW3932,M63,3
argI,JW4211,LB,3
argI,JW4211,M63,3
argK,JW2885,LB,3
argK,JW2885,M63,3
argO,JW2890,LB,3
argO,JW2890,M63,3
argP,JW2883,LB,3
argP,JW2883,M63,3
argR,JW3206,LB,3
argR,JW3206,M63,3
argT,JW2307,LB,3
argT,JW2307,M63,3
arnT,JW2251,LB,3
arnT,JW2251,M63,3
aroA,JW0891,LB,3
aroA,JW0891,M63,3
aroB,JW3352,LB,3
aroB,JW3352,M63,3
aroC,JW2326,LB,3
aroC,JW2326,M63,3
aroD,JW1683,LB,3
aroD,JW1683,M63,3
aroE,JW3242,LB,3
aroE,JW3242,M63,3
aroF,JW2582,LB,3
aroF,JW2582,M63,3
aroG,JW0737,LB,3
aroG,JW0737,M63,3
aroH,JW1694,LB,3
aroH,JW1694,M63,3
aroK,JW5947,LB,3
aroK,JW5947,M63,3
aroL,JW0379,LB,3
aroL,JW0379,M63,3
aroM,JW0381,LB,3
aroM,JW0381,M63,3
aroP,JW0108,LB,3
aroP,JW0108,M63,3
arpA,JW3977,LB,3
arpA,JW3977,M63,3
arpB,JW1710,LB,6
arpB,JW1710,M63,6
arsB,JW3469,LB,3
arsB,JW3469,M63,3
arsC,JW3470,LB,3
arsC,JW3470,M63,3
arsR,JW3468,LB,3
arsR,JW3468,M63,3
artI,JW0847,LB,3
artI,JW0847,M63,3
artJ,JW0844,LB,3
artJ,JW0844,M63,3
artM,JW0845,LB,3
artM,JW0845,M63,3
artP,JW0848,LB,3
artP,JW0848,M63,3
artQ,JW0846,LB,3
artQ,JW0846,M63,3
ascB,JW2686,LB,3
ascB,JW2686,M63,3
ascF,JW5435,LB,3
ascF,JW5435,M63,3
ascG,JW5434,LB,3
ascG,JW5434,M63,3
aslA,JW3773,LB,3
aslA,JW3773,M63,3
aslB,JW5594,LB,3
aslB,JW5594,M63,3
asmA,JW2049,LB,3
asmA,JW2049,M63,3
asnA,JW3722,LB,3
asnA,JW3722,M63,3
asnB,JW0660,LB,3
asnB,JW0660,M63,3
asnC,JW3721,LB,3
asnC,JW3721,M63,3
aspA,JW4099,LB,3
aspA,JW4099,M63,3
aspC,JW0911,LB,3
aspC,JW0911,M63,3
asr,JW5826,LB,3
asr,JW5826,M63,3
astA,JW1736,LB,3
astA,JW1736,M63,3
astB,JW1734,LB,3
astB,JW1734,M63,3
astC,JW1737,LB,3
astC,JW1737,M63,3
astD,JW5282,LB,3
astD,JW5282,M63,3
astE,JW1733,LB,3
astE,JW1733,M63,3
atoA,JW2216,LB,3
atoA,JW2216,M63,3
atoB,JW2218,LB,3
atoB,JW2218,M63,3
atoC,JW2214,LB,3
atoC,JW2214,M63,3
atoD,JW2215,LB,3
atoD,JW2215,M63,3
atoE,JW2217,LB,3
atoE,JW2217,M63,3
atoS,JW2213,LB,3
atoS,JW2213,M63,3
atpA,JW3712,LB,3
atpA,JW3712,M63,3
atpB,JW3716,LB,3
atpB,JW3716,M63,3
atpC,JW3709,LB,3
atpC,JW3709,M63,3
atpD,JW3710,LB,3
atpD,JW3710,M63,3
atpE,JW3715,LB,3
atpE,JW3715,M63,3
atpF,JW3714,LB,3
atpF,JW3714,M63,3
atpG,JW3711,LB,3
atpG,JW3711,M63,3
atpH,JW3713,LB,3
atpH,JW3713,M63,3
atpI,JW5611,LB,3
atpI,JW5611,M63,3
avtA,JW5652,LB,3
avtA,JW5652,M63,3
azoR,JW1409,LB,3
azoR,JW1409,M63,3
bacA,JW3029,LB,3
bacA,JW3029,M63,3
baeR,JW2064,LB,3
baeR,JW2064,M63,3
baeS,JW2063,LB,3
baeS,JW2063,M63,3
barA,JW2757,LB,3
barA,JW2757,M63,3
basR,JW4074,LB,3
basR,JW4074,M63,3
basS,JW4073,LB,3
basS,JW4073,M63,3
bax,JW5653,LB,3
bax,JW5653,M63,3
bcp,JW2465,LB,3
bcp,JW2465,M63,3
bcr,JW5363,LB,3
bcr,JW5363,M63,3
bcsA,JW5665,LB,3
bcsA,JW5665,M63,3
bcsC,JW5942,LB,3
bcsC,JW5942,M63,3
bcsE,JW3504,LB,3
bcsE,JW3504,M63,3
bcsF,JW5663,LB,3
bcsF,JW5663,M63,3
bcsG,JW3506,LB,3
bcsG,JW3506,M63,3
bcsZ,JW3499,LB,3
bcsZ,JW3499,M63,3
bdm,JW5239,LB,3
bdm,JW5239,M63,3
betA,JW0303,LB,3
betA,JW0303,M63,3
betB,JW0304,LB,3
betB,JW0304,M63,3
betI,JW0305,LB,3
betI,JW0305,M63,3
betT,JW0306,LB,3
betT,JW0306,M63,3
bfd,JW3299,LB,3
bfd,JW3299,M63,3
bfr,JW3298,LB,3
bfr,JW3298,M63,3
bglA,JW2869,LB,3
bglA,JW2869,M63,3
bglB,JW3699,LB,3
bglB,JW3699,M63,3
bglF,JW3700,LB,3
bglF,JW3700,M63,3
bglG,JW3701,LB,3
bglG,JW3701,M63,3
bglH,JW3698,LB,3
bglH,JW3698,M63,3
bglJ,JW5955,LB,3
bglJ,JW5955,M63,3
bglX,JW2120,LB,3
bglX,JW2120,M63,3
bioA,JW0757,LB,3
bioA,JW0757,M63,3
bioB,JW0758,LB,3
bioB,JW0758,M63,3
bioC,JW0760,LB,3
bioC,JW0760,M63,3
bioD,JW0761,LB,3
bioD,JW0761,M63,3
bioF,JW0759,LB,3
bioF,JW0759,M63,3
bioH,JW3375,LB,3
bioH,JW3375,M63,3
bipA,JW5571,LB,3
bipA,JW5571,M63,3
bisC,JW5940,LB,3
bisC,JW5940,M63,3
blc,JW4110,LB,3
blc,JW4110,M63,3
blr,JW5963,LB,3
blr,JW5963,M63,3
bolA,JW5060,LB,3
bolA,JW5060,M63,3
borD,JW0546,LB,3
borD,JW0546,M63,3
brnQ,JW0391,LB,3
brnQ,JW0391,M63,3
btuB,JW3938,LB,3
btuB,JW3938,M63,3
btuC,JW1701,LB,3
btuC,JW1701,M63,3
btuD,JW1699,LB,3
btuD,JW1699,M63,3
btuE,JW1700,LB,3
btuE,JW1700,M63,3
btuF,JW0154,LB,3
btuF,JW0154,M63,3
btuR,JW1262,LB,3
btuR,JW1262,M63,3
cadA,JW4092,LB,3
cadA,JW4092,M63,3
cadB,JW4093,LB,3
cadB,JW4093,M63,3
cadC,JW4094,LB,3
cadC,JW4094,M63,3
caiA,JW0038,LB,3
caiA,JW0038,M63,3
caiB,JW0037,LB,3
caiB,JW0037,M63,3
caiC,JW0036,LB,3
caiC,JW0036,M63,3
caiD,JW0035,LB,3
caiD,JW0035,M63,3
caiE,JW5004,LB,3
caiE,JW5004,M63,3
caiF,JW0033,LB,3
caiF,JW0033,M63,3
caiT,JW0039,LB,3
caiT,JW0039,M63,3
carA,JW0030,LB,3
carA,JW0030,M63,3
carB,JW0031,LB,3
carB,JW0031,M63,3
cbl,JW1966,LB,3
cbl,JW1966,M63,3
cbpA,JW0985,LB,3
cbpA,JW0985,M63,3
cbpM,JW0984,LB,3
cbpM,JW0984,M63,3
cbrA,JW5631,LB,3
cbrA,JW5631,M63,3
cbrC,JW3695,LB,3
cbrC,JW3695,M63,3
cchA,JW2441,LB,3
cchA,JW2441,M63,3
cchB,JW2440,LB,3
cchB,JW2440,M63,3
ccmA,JW5366,LB,3
ccmA,JW5366,M63,3
ccmB,JW2188,LB,3
ccmB,JW2188,M63,3
ccmC,JW2187,LB,3
ccmC,JW2187,M63,3
ccmD,JW2186,LB,3
ccmD,JW2186,M63,3
ccmE,JW2185,LB,3
ccmE,JW2185,M63,3
ccmF,JW2184,LB,3
ccmF,JW2184,M63,3
ccmG,JW2183,LB,3
ccmG,JW2183,M63,3
ccmH,JW2182,LB,3
ccmH,JW2182,M63,3
cdaR,JW5013,LB,3
cdaR,JW5013,M63,3
cdd,JW2131,LB,3
cdd,JW2131,M63,3
cdh,JW3889,LB,3
cdh,JW3889,M63,3
cedA,JW1720,LB,3
cedA,JW1720,M63,3
cfa,JW1653,LB,3
cfa,JW1653,M63,3
chaA,JW1207,LB,3
chaA,JW1207,M63,3
chaB,JW1208,LB,3
chaB,JW1208,M63,3
chaC,JW1209,LB,3
chaC,JW1209,M63,3
chbA,JW1725,LB,3
chbA,JW1725,M63,3
chbB,JW1727,LB,3
chbB,JW1727,M63,3
chbC,JW1726,LB,3
chbC,JW1726,M63,3
chbF,JW1723,LB,3
chbF,JW1723,M63,3
chbG,JW1722,LB,3
chbG,JW1722,M63,3
chbR,JW1724,LB,3
chbR,JW1724,M63,3
cheA,JW1877,LB,3
cheA,JW1877,M63,3
cheB,JW1872,LB,3
cheB,JW1872,M63,3
cheR,JW1873,LB,3
cheR,JW1873,M63,3
cheW,JW1876,LB,3
cheW,JW1876,M63,3
cheY,JW1871,LB,3
cheY,JW1871,M63,3
cheZ,JW1870,LB,3
cheZ,JW1870,M63,3
chiA,JW3300,LB,3
chiA,JW3300,M63,3
chpA,JW2753,LB,3
chpA,JW2753,M63,3
chpB,JW4184,LB,3
chpB,JW4184,M63,3
cirA,JW2142,LB,3
cirA,JW2142,M63,3
citA,JW0611,LB,3
citA,JW0611,M63,3
citB,JW0612,LB,3
citB,JW0612,M63,3
citC,JW0610,LB,3
citC,JW0610,M63,3
citD,JW0609,LB,3
citD,JW0609,M63,3
citE,JW0608,LB,3
citE,JW0608,M63,3
citF,JW5087,LB,3
citF,JW5087,M63,3
citG,JW0605,LB,3
citG,JW0605,M63,3
citT,JW0604,LB,3
citT,JW0604,M63,3
citX,JW0606,LB,3
citX,JW0606,M63,3
clcA,JW5012,LB,3
clcA,JW5012,M63,3
clcB,JW5263,LB,3
clcB,JW5263,M63,3
cld,JW5836,LB,3
cld,JW5836,M63,3
clpA,JW0866,LB,3
clpA,JW0866,M63,3
clpB,JW2573,LB,3
clpB,JW2573,M63,3
clpP,JW0427,LB,3
clpP,JW0427,M63,3
clpS,JW0865,LB,3
clpS,JW0865,M63,3
clpX,JW0428,LB,3
clpX,JW0428,M63,3
cls,JW1241,LB,3
cls,JW1241,M63,3
cmk,JW0893,LB,3
cmk,JW0893,M63,3
cmr,JW0826,LB,3
cmr,JW0826,M63,3
cmtA,JW2900,LB,3
cmtA,JW2900,M63,3
cmtB,JW2901,LB,3
cmtB,JW2901,M63,3
coaA,JW3942,LB,3
coaA,JW3942,M63,3
coaE,JW0100,LB,3
coaE,JW0100,M63,3
cobB,JW1106,LB,3
cobB,JW1106,M63,3
cobC,JW0633,LB,3
cobC,JW0633,M63,3
cobS,JW1970,LB,3
cobS,JW1970,M63,3
cobT,JW1969,LB,3
cobT,JW1969,M63,3
cobU,JW1971,LB,3
cobU,JW1971,M63,3
codA,JW0328,LB,3
codA,JW0328,M63,3
codB,JW0327,LB,3
codB,JW0327,M63,3
cof,JW0436,LB,3
cof,JW0436,M63,3
copA,JW0473,LB,3
copA,JW0473,M63,3
corA,JW3789,LB,3
corA,JW3789,M63,3
cpdA,JW3000,LB,3
cpdA,JW3000,M63,3
cpdB,JW4171,LB,3
cpdB,JW4171,M63,3
cpsB,JW2034,LB,3
cpsB,JW2034,M63,3
cpsG,JW2033,LB,3
cpsG,JW2033,M63,3
cpxA,JW3882,LB,3
cpxA,JW3882,M63,3
cpxP,JW5558,LB,3
cpxP,JW5558,M63,3
cpxR,JW3883,LB,3
cpxR,JW3883,M63,3
crcA,JW0617,LB,3
crcA,JW0617,M63,3
crcB,JW0619,LB,3
crcB,JW0619,M63,3
creA,JW4360,LB,3
creA,JW4360,M63,3
creB,JW4361,LB,3
creB,JW4361,M63,3
creC,JW4362,LB,3
creC,JW4362,M63,3
creD,JW4363,LB,3
creD,JW4363,M63,3
crl,JW0230,LB,3
crl,JW0230,M63,3
crp,JW5702,LB,3
crp,JW5702,M63,3
crr,JW2410,LB,3
crr,JW2410,M63,3
csdA,JW2781,LB,3
csdA,JW2781,M63,3
csgA,JW1025,LB,3
csgA,JW1025,M63,3
csgB,JW1024,LB,3
csgB,JW1024,M63,3
csgC,JW1026,LB,3
csgC,JW1026,M63,3
csgD,JW1023,LB,3
csgD,JW1023,M63,3
csgE,JW1022,LB,3
csgE,JW1022,M63,3
csgF,JW1021,LB,3
csgF,JW1021,M63,3
csgG,JW1020,LB,3
csgG,JW1020,M63,3
csiE,JW5878,LB,3
csiE,JW5878,M63,3
csiR,JW2639,LB,3
csiR,JW2639,M63,3
cspA,JW3525,LB,3
cspA,JW3525,M63,3
cspB,JW1549,LB,3
cspB,JW1549,M63,3
cspC,JW1812,LB,3
cspC,JW1812,M63,3
cspD,JW0864,LB,3
cspD,JW0864,M63,3
cspE,JW0618,LB,3
cspE,JW0618,M63,3
cspF,JW1550,LB,3
cspF,JW1550,M63,3
cspG,JW0974,LB,3
cspG,JW0974,M63,3
cspH,JW5134,LB,3
cspH,JW5134,M63,3
cspI,JW1544,LB,3
cspI,JW1544,M63,3
cstA,JW0590,LB,3
cstA,JW0590,M63,3
cueO,JW0119,LB,3
cueO,JW0119,M63,3
cueR,JW0476,LB,3
cueR,JW0476,M63,3
cusA,JW0564,LB,3
cusA,JW0564,M63,3
cusB,JW0563,LB,3
cusB,JW0563,M63,3
cusC,JW0561,LB,3
cusC,JW0561,M63,3
cusF,JW0562,LB,3
cusF,JW0562,M63,3
cusR,JW0560,LB,3
cusR,JW0560,M63,3
cusS,JW5082,LB,3
cusS,JW5082,M63,3
cutA,JW4097,LB,3
cutA,JW4097,M63,3
cutC,JW1863,LB,3
cutC,JW1863,M63,3
cvpA,JW2310,LB,3
cvpA,JW2310,M63,3
cvrA,JW5184,LB,3
cvrA,JW5184,M63,3
cyaA,JW3778,LB,3
cyaA,JW3778,M63,3
cyaY,JW3779,LB,3
cyaY,JW3779,M63,3
cybB,JW5224,LB,3
cybB,JW5224,M63,3
cybC,JW4195,LB,3
cybC,JW4195,M63,3
cycA,JW4166,LB,3
cycA,JW4166,M63,3
cydB,JW0723,LB,3
cydB,JW0723,M63,3
cydD,JW0870,LB,3
cydD,JW0870,M63,3
cynR,JW5894,LB,3
cynR,JW5894,M63,3
cynS,JW0331,LB,3
cynS,JW0331,M63,3
cynT,JW0330,LB,3
cynT,JW0330,M63,3
cynX,JW0332,LB,3
cynX,JW0332,M63,3
cyoA,JW0422,LB,3
cyoA,JW0422,M63,3
cyoB,JW0421,LB,3
cyoB,JW0421,M63,3
cyoC,JW0420,LB,3
cyoC,JW0420,M63,3
cyoD,JW0419,LB,3
cyoD,JW0419,M63,3
cyoE,JW0418,LB,3
cyoE,JW0418,M63,3
cysA,JW2415,LB,3
cysA,JW2415,M63,3
cysB,JW1267,LB,3
cysB,JW1267,M63,3
cysC,JW2720,LB,3
cysC,JW2720,M63,3
cysD,JW2722,LB,3
cysD,JW2722,M63,3
cysE,JW3582,LB,3
cysE,JW3582,M63,3
cysG,JW3331,LB,3
cysG,JW3331,M63,3
cysH,JW2732,LB,3
cysH,JW2732,M63,3
cysI,JW2733,LB,3
cysI,JW2733,M63,3
cysJ,JW2734,LB,3
cysJ,JW2734,M63,3
cysK,JW2407,LB,3
cysK,JW2407,M63,3
cysM,JW2414,LB,3
cysM,JW2414,M63,3
cysN,JW2721,LB,3
cysN,JW2721,M63,3
cysP,JW2418,LB,3
cysP,JW2418,M63,3
cysQ,JW4172,LB,3
cysQ,JW4172,M63,3
cysU,JW2417,LB,3
cysU,JW2417,M63,3
cysW,JW2416,LB,3
cysW,JW2416,M63,3
cysZ,JW2406,LB,3
cysZ,JW2406,M63,3
cytR,JW3905,LB,3
cytR,JW3905,M63,3
dacA,JW0627,LB,3
dacA,JW0627,M63,3
dacB,JW3149,LB,3
dacB,JW3149,M63,3
dacC,JW0823,LB,3
dacC,JW0823,M63,3
dacD,JW5329,LB,3
dacD,JW5329,M63,3
dadA,JW1178,LB,3
dadA,JW1178,M63,3
dadX,JW1179,LB,3
dadX,JW1179,M63,3
dam,JW3350,LB,3
dam,JW3350,M63,3
damX,JW3351,LB,3
damX,JW3351,M63,3
dapF,JW5592,LB,3
dapF,JW5592,M63,3
dbpA,JW1337,LB,3
dbpA,JW1337,M63,3
dcd,JW2050,LB,3
dcd,JW2050,M63,3
dcm,JW1944,LB,3
dcm,JW1944,M63,3
dcp,JW1531,LB,3
dcp,JW1531,M63,3
dcrB,JW5682,LB,3
dcrB,JW5682,M63,3
dctA,JW3496,LB,3
dctA,JW3496,M63,3
dcuA,JW5735,LB,3
dcuA,JW5735,M63,3
dcuB,JW4084,LB,3
dcuB,JW4084,M63,3
dcuC,JW0613,LB,6
dcuC,JW0613,M63,6
dcuD,JW3196,LB,3
dcuD,JW3196,M63,3
dcuR,JW4085,LB,3
dcuR,JW4085,M63,3
dcuS,JW4086,LB,3
dcuS,JW4086,M63,3
ddg,JW2375,LB,3
ddg,JW2375,M63,3
ddlA,JW0372,LB,3
ddlA,JW0372,M63,3
ddlB,JW0090,LB,3
ddlB,JW0090,M63,3
ddpA,JW5240,LB,3
ddpA,JW5240,M63,3
ddpB,JW1481,LB,3
ddpB,JW1481,M63,3
ddpC,JW1480,LB,3
ddpC,JW1480,M63,3
ddpD,JW1479,LB,3
ddpD,JW1479,M63,3
ddpF,JW1478,LB,3
ddpF,JW1478,M63,3
ddpX,JW1483,LB,3
ddpX,JW1483,M63,3
deaD,JW5531,LB,3
deaD,JW5531,M63,3
dedA,JW2314,LB,3
dedA,JW2314,M63,3
dedD,JW5378,LB,3
dedD,JW5378,M63,3
degP,JW0157,LB,3
degP,JW0157,M63,3
degQ,JW3203,LB,3
degQ,JW3203,M63,3
deoA,JW4345,LB,3
deoA,JW4345,M63,3
deoB,JW4346,LB,3
deoB,JW4346,M63,3
deoC,JW4344,LB,3
deoC,JW4344,M63,3
deoD,JW4347,LB,3
deoD,JW4347,M63,3
deoR,JW0824,LB,3
deoR,JW0824,M63,3
dgkA,JW4002,LB,3
dgkA,JW4002,M63,3
dgoA,JW5628,LB,3
dgoA,JW5628,M63,3
dgoD,JW5629,LB,3
dgoD,JW5629,M63,3
dgoK,JW3670,LB,3
dgoK,JW3670,M63,3
dgoR,JW5627,LB,3
dgoR,JW5627,M63,3
dgoT,JW5859,LB,3
dgoT,JW5859,M63,3
dgsA,JW1586,LB,3
dgsA,JW1586,M63,3
dgt,JW0156,LB,3
dgt,JW0156,M63,3
dhaH,JW5185,LB,3
dhaH,JW5185,M63,3
dhaK,JW5187,LB,3
dhaK,JW5187,M63,3
dhaL,JW5186,LB,3
dhaL,JW5186,M63,3
dhaR,JW5188,LB,3
dhaR,JW5188,M63,3
dicB,JW1566,LB,3
dicB,JW1566,M63,3
dicC,JW1561,LB,3
dicC,JW1561,M63,3
dinB,JW0221,LB,3
dinB,JW0221,M63,3
dinD,JW3620,LB,3
dinD,JW3620,M63,3
dinF,JW4004,LB,3
dinF,JW4004,M63,3
dinG,JW0784,LB,3
dinG,JW0784,M63,3
dinI,JW1048,LB,3
dinI,JW1048,M63,3
dinJ,JW0216,LB,3
dinJ,JW0216,M63,3
dipZ,JW5734,LB,3
dipZ,JW5734,M63,3
djlA,JW0054,LB,3
djlA,JW0054,M63,3
djlB,JW0641,LB,3
djlB,JW0641,M63,3
djlC,JW0644,LB,3
djlC,JW0644,M63,3
dkgA,JW5499,LB,3
dkgA,JW5499,M63,3
dkgB,JW0197,LB,3
dkgB,JW0197,M63,3
dksA,JW0141,LB,3
dksA,JW0141,M63,3
dld,JW2121,LB,3
dld,JW2121,M63,3
dmsA,JW5118,LB,3
dmsA,JW5118,M63,3
dmsB,JW0878,LB,3
dmsB,JW0878,M63,3
dmsC,JW0879,LB,3
dmsC,JW0879,M63,3
dmsD,JW5262,LB,3
dmsD,JW5262,M63,3
dnaG,JW3038,LB,3
dnaG,JW3038,M63,3
dnaJ,JW0014,LB,3
dnaJ,JW0014,M63,3
dnaK,JW0013,LB,3
dnaK,JW0013,M63,3
dnaQ,JW0205,LB,3
dnaQ,JW0205,M63,3
dnaT,JW4326,LB,3
dnaT,JW4326,M63,3
dos,JW1484,LB,3
dos,JW1484,M63,3
dppA,JW3513,LB,3
dppA,JW3513,M63,3
dppB,JW3512,LB,3
dppB,JW3512,M63,3
dppC,JW3511,LB,3
dppC,JW3511,M63,3
dppD,JW3510,LB,3
dppD,JW3510,M63,3
dppF,JW3509,LB,3
dppF,JW3509,M63,3
dps,JW0797,LB,3
dps,JW0797,M63,3
dsbA,JW3832,LB,3
dsbA,JW3832,M63,3
dsbB,JW5182,LB,3
dsbB,JW5182,M63,3
dsbC,JW2861,LB,3
dsbC,JW2861,M63,3
dsbG,JW0597,LB,3
dsbG,JW0597,M63,3
dsdA,JW2363,LB,3
dsdA,JW2363,M63,3
dsdC,JW2361,LB,3
dsdC,JW2361,M63,3
dsdX,JW2362,LB,3
dsdX,JW2362,M63,3
dsrB,JW1936,LB,3
dsrB,JW1936,M63,3
dtd,JW3858,LB,3
dtd,JW3858,M63,3
dusB,JW3228,LB,3
dusB,JW3228,M63,3
dusC,JW2128,LB,3
dusC,JW2128,M63,3
eaeH,JW0291,LB,3
eaeH,JW0291,M63,3
eamA,JW5250,LB,3
eamA,JW5250,M63,3
ebgA,JW5511,LB,3
ebgA,JW5511,M63,3
ebgC,JW3048,LB,3
ebgC,JW3048,M63,3
ebgR,JW3046,LB,3
ebgR,JW3046,M63,3
ecnA,JW5737,LB,3
ecnA,JW5737,M63,3
ecnB,JW4108,LB,3
ecnB,JW4108,M63,3
eco,JW2197,LB,3
eco,JW2197,M63,3
ecpD,JW0136,LB,3
ecpD,JW0136,M63,3
eda,JW1839,LB,3
eda,JW1839,M63,3
edd,JW1840,LB,3
edd,JW1840,M63,3
efp,JW4107,LB,3
efp,JW4107,M63,3
ego,JW1506,LB,3
ego,JW1506,M63,3
elaA,JW2262,LB,3
elaA,JW2262,M63,3
elaB,JW2261,LB,3
elaB,JW2261,M63,3
elaC,JW2263,LB,3
elaC,JW2263,M63,3
elaD,JW5840,LB,3
elaD,JW5840,M63,3
elbA,JW1147,LB,3
elbA,JW1147,M63,3
elbB,JW3176,LB,3
elbB,JW3176,M63,3
emrA,JW2660,LB,3
emrA,JW2660,M63,3
emrB,JW2661,LB,3
emrB,JW2661,M63,3
emrD,JW5634,LB,3
emrD,JW5634,M63,3
emrE,JW0531,LB,3
emrE,JW0531,M63,3
emrK,JW2365,LB,3
emrK,JW2365,M63,3
emrY,JW2364,LB,3
emrY,JW2364,M63,3
emtA,JW5821,LB,3
emtA,JW5821,M63,3
endA,JW2912,LB,3
endA,JW2912,M63,3
entA,JW0588,LB,3
entA,JW0588,M63,3
entB,JW0587,LB,3
entB,JW0587,M63,3
entC,JW0585,LB,3
entC,JW0585,M63,3
entE,JW0586,LB,3
entE,JW0586,M63,3
entF,JW0578,LB,3
entF,JW0578,M63,3
envC,JW5646,LB,3
envC,JW5646,M63,3
envR,JW3232,LB,3
envR,JW3232,M63,3
envY,JW0555,LB,3
envY,JW0555,M63,3
envZ,JW3367,LB,3
envZ,JW3367,M63,3
epd,JW2894,LB,3
epd,JW2894,M63,3
eptA,JW5730,LB,3
eptA,JW5730,M63,3
eptB,JW5660,LB,3
eptB,JW5660,M63,3
erfK,JW1968,LB,3
erfK,JW1968,M63,3
essD,JW0543,LB,3
essD,JW0543,M63,3
essQ,JW5255,LB,3
essQ,JW5255,M63,3
etp,JW5132,LB,3
etp,JW5132,M63,3
eutA,JW2435,LB,3
eutA,JW2435,M63,3
eutB,JW2434,LB,3
eutB,JW2434,M63,3
eutC,JW2433,LB,3
eutC,JW2433,M63,3
eutE,JW2439,LB,3
eutE,JW2439,M63,3
eutG,JW2437,LB,3
eutG,JW2437,M63,3
eutH,JW2436,LB,3
eutH,JW2436,M63,3
eutI,JW2442,LB,3
eutI,JW2442,M63,3
eutJ,JW2438,LB,3
eutJ,JW2438,M63,3
eutL,JW2432,LB,3
eutL,JW2432,M63,3
eutP,JW2445,LB,3
eutP,JW2445,M63,3
eutQ,JW2444,LB,3
eutQ,JW2444,M63,3
eutT,JW2443,LB,3
eutT,JW2443,M63,3
evgA,JW2366,LB,3
evgA,JW2366,M63,3
evgS,JW2367,LB,3
evgS,JW2367,M63,3
exbB,JW2974,LB,3
exbB,JW2974,M63,3
exbD,JW2973,LB,3
exbD,JW2973,M63,3
exo,JW5446,LB,3
exo,JW5446,M63,3
exoX,JW1833,LB,3
exoX,JW1833,M63,3
exuR,JW3065,LB,3
exuR,JW3065,M63,3
exuT,JW3064,LB,3
exuT,JW3064,M63,3
fabF,JW1081,LB,3
fabF,JW1081,M63,3
fabH,JW1077,LB,3
fabH,JW1077,M63,3
fabR,JW3935,LB,3
fabR,JW3935,M63,3
fadA,JW5578,LB,3
fadA,JW5578,M63,3
fadB,JW3822,LB,3
fadB,JW3822,M63,3
fadD,JW1794,LB,3
fadD,JW1794,M63,3
fadE,JW5020,LB,3
fadE,JW5020,M63,3
fadH,JW3052,LB,3
fadH,JW3052,M63,3
fadL,JW2341,LB,3
fadL,JW2341,M63,3
fadR,JW1176,LB,3
fadR,JW1176,M63,3
fbaB,JW5344,LB,3
fbaB,JW5344,M63,3
fbp,JW4191,LB,3
fbp,JW4191,M63,3
fcl,JW2037,LB,3
fcl,JW2037,M63,3
fdhD,JW3866,LB,3
fdhD,JW3866,M63,3
fdhE,JW3862,LB,3
fdhE,JW3862,M63,3
fdhF,JW4040,LB,3
fdhF,JW4040,M63,3
fdnG,JW1470,LB,3
fdnG,JW1470,M63,3
fdnH,JW1471,LB,3
fdnH,JW1471,M63,3
fdnI,JW1472,LB,3
fdnI,JW1472,M63,3
fdoG,JW3865,LB,3
fdoG,JW3865,M63,3
fdoH,JW3864,LB,3
fdoH,JW3864,M63,3
fdoI,JW3863,LB,3
fdoI,JW3863,M63,3
fdrA,JW0506,LB,3
fdrA,JW0506,M63,3
fdx,JW2509,LB,3
fdx,JW2509,M63,3
feaB,JW1380,LB,3
feaB,JW1380,M63,3
feaR,JW1379,LB,3
feaR,JW1379,M63,3
fecA,JW4251,LB,3
fecA,JW4251,M63,3
fecB,JW4250,LB,3
fecB,JW4250,M63,3
fecC,JW4249,LB,3
fecC,JW4249,M63,3
fecD,JW4248,LB,3
fecD,JW4248,M63,3
fecE,JW4247,LB,3
fecE,JW4247,M63,3
fecI,JW4253,LB,3
fecI,JW4253,M63,3
fecR,JW4252,LB,3
fecR,JW4252,M63,3
feoA,JW3371,LB,3
feoA,JW3371,M63,3
feoB,JW3372,LB,3
feoB,JW3372,M63,3
fepA,JW5086,LB,3
fepA,JW5086,M63,3
fepB,JW0584,LB,3
fepB,JW0584,M63,3
fepC,JW0580,LB,3
fepC,JW0580,M63,3
fepD,JW0582,LB,3
fepD,JW0582,M63,3
fepE,JW0579,LB,3
fepE,JW0579,M63,3
fepG,JW0581,LB,3
fepG,JW0581,M63,3
fes,JW0576,LB,3
fes,JW0576,M63,3
fhiA,JW5811,LB,3
fhiA,JW5811,M63,3
fhlA,JW2701,LB,3
fhlA,JW2701,M63,3
fhuA,JW0146,LB,3
fhuA,JW0146,M63,3
fhuB,JW0149,LB,3
fhuB,JW0149,M63,3
fhuC,JW0147,LB,3
fhuC,JW0147,M63,3
fhuD,JW0148,LB,3
fhuD,JW0148,M63,3
fhuE,JW1088,LB,3
fhuE,JW1088,M63,3
fhuF,JW4331,LB,3
fhuF,JW4331,M63,3
fic,JW3324,LB,3
fic,JW3324,M63,3
fieF,JW3886,LB,3
fieF,JW3886,M63,3
fimA,JW4277,LB,3
fimA,JW4277,M63,3
fimB,JW4275,LB,3
fimB,JW4275,M63,3
fimC,JW4279,LB,3
fimC,JW4279,M63,3
fimD,JW5780,LB,3
fimD,JW5780,M63,3
fimE,JW4276,LB,3
fimE,JW4276,M63,3
fimF,JW4281,LB,3
fimF,JW4281,M63,3
fimG,JW4282,LB,3
fimG,JW4282,M63,3
fimH,JW4283,LB,3
fimH,JW4283,M63,3
fimI,JW5779,LB,3
fimI,JW5779,M63,3
fimZ,JW5073,LB,3
fimZ,JW5073,M63,3
fis,JW3229,LB,3
fis,JW3229,M63,3
fiu,JW0790,LB,3
fiu,JW0790,M63,3
fixA,JW0040,LB,3
fixA,JW0040,M63,3
fixB,JW0041,LB,3
fixB,JW0041,M63,3
fixC,JW0042,LB,3
fixC,JW0042,M63,3
fixX,JW0043,LB,3
fixX,JW0043,M63,3
fklB,JW5746,LB,3
fklB,JW5746,M63,3
fkpA,JW3309,LB,3
fkpA,JW3309,M63,3
fkpB,JW0026,LB,3
fkpB,JW0026,M63,3
fldB,JW2863,LB,3
fldB,JW2863,M63,3
flgA,JW1059,LB,3
flgA,JW1059,M63,3
flgB,JW1060,LB,3
flgB,JW1060,M63,3
flgC,JW1061,LB,3
flgC,JW1061,M63,3
flgD,JW1062,LB,3
flgD,JW1062,M63,3
flgE,JW1063,LB,3
flgE,JW1063,M63,3
flgF,JW1064,LB,3
flgF,JW1064,M63,3
flgG,JW1065,LB,3
flgG,JW1065,M63,3
flgH,JW5153,LB,3
flgH,JW5153,M63,3
flgI,JW1067,LB,3
flgI,JW1067,M63,3
flgJ,JW1068,LB,3
flgJ,JW1068,M63,3
flgK,JW1069,LB,3
flgK,JW1069,M63,3
flgL,JW1070,LB,3
flgL,JW1070,M63,3
flgM,JW1058,LB,3
flgM,JW1058,M63,3
flgN,JW1057,LB,3
flgN,JW1057,M63,3
flhA,JW1868,LB,3
flhA,JW1868,M63,3
flhB,JW1869,LB,3
flhB,JW1869,M63,3
flhC,JW1880,LB,3
flhC,JW1880,M63,3
flhD,JW1881,LB,3
flhD,JW1881,M63,3
flhE,JW1867,LB,3
flhE,JW1867,M63,3
fliA,JW1907,LB,3
fliA,JW1907,M63,3
fliC,JW1908,LB,3
fliC,JW1908,M63,3
fliD,JW1909,LB,3
fliD,JW1909,M63,3
fliE,JW1921,LB,3
fliE,JW1921,M63,3
fliF,JW1922,LB,3
fliF,JW1922,M63,3
fliG,JW1923,LB,3
fliG,JW1923,M63,3
fliH,JW1924,LB,3
fliH,JW1924,M63,3
fliI,JW1925,LB,3
fliI,JW1925,M63,3
fliJ,JW1926,LB,3
fliJ,JW1926,M63,3
fliK,JW1927,LB,3
fliK,JW1927,M63,3
fliL,JW1928,LB,3
fliL,JW1928,M63,3
fliM,JW1929,LB,3
fliM,JW1929,M63,3
fliN,JW1930,LB,3
fliN,JW1930,M63,3
fliO,JW5316,LB,3
fliO,JW5316,M63,3
fliP,JW1932,LB,3
fliP,JW1932,M63,3
fliQ,JW1933,LB,3
fliQ,JW1933,M63,3
fliR,JW1934,LB,3
fliR,JW1934,M63,3
fliS,JW1910,LB,3
fliS,JW1910,M63,3
fliT,JW1911,LB,3
fliT,JW1911,M63,3
fliY,JW1905,LB,3
fliY,JW1905,M63,3
fliZ,JW1906,LB,3
fliZ,JW1906,M63,3
flk,JW2318,LB,3
flk,JW2318,M63,3
flu,JW1982,LB,3
flu,JW1982,M63,3
flxA,JW1558,LB,3
flxA,JW1558,M63,3
fnr,JW1328,LB,3
fnr,JW1328,M63,3
focA,JW0887,LB,3
focA,JW0887,M63,3
focB,JW2477,LB,3
focB,JW2477,M63,3
folB,JW3030,LB,3
folB,JW3030,M63,3
folM,JW1598,LB,3
folM,JW1598,M63,3
folP,JW3144,LB,3
folP,JW3144,M63,3
folX,JW2300,LB,3
folX,JW2300,M63,3
fpr,JW3895,LB,3
fpr,JW3895,M63,3
frc,JW2371,LB,3
frc,JW2371,M63,3
frdA,JW4115,LB,3
frdA,JW4115,M63,3
frdB,JW4114,LB,3
frdB,JW4114,M63,3
frdC,JW4113,LB,3
frdC,JW4113,M63,3
frdD,JW4112,LB,3
frdD,JW4112,M63,3
fre,JW3820,LB,3
fre,JW3820,M63,3
frlA,JW3333,LB,3
frlA,JW3333,M63,3
frlB,JW5700,LB,3
frlB,JW5700,M63,3
frlC,JW5699,LB,3
frlC,JW5699,M63,3
frlD,JW3337,LB,3
frlD,JW3337,M63,3
frlR,JW5698,LB,3
frlR,JW5698,M63,3
frmA,JW0347,LB,3
frmA,JW0347,M63,3
frmB,JW0346,LB,3
frmB,JW0346,M63,3
frmR,JW0348,LB,3
frmR,JW0348,M63,3
frsA,JW0229,LB,3
frsA,JW0229,M63,3
fruA,JW2154,LB,3
fruA,JW2154,M63,3
fruB,JW2156,LB,3
fruB,JW2156,M63,3
fruK,JW2155,LB,3
fruK,JW2155,M63,3
fruR,JW0078,LB,3
fruR,JW0078,M63,3
frvA,JW3871,LB,3
frvA,JW3871,M63,3
frvB,JW5562,LB,3
frvB,JW5562,M63,3
frvR,JW3868,LB,3
frvR,JW3868,M63,3
frvX,JW3869,LB,3
frvX,JW3869,M63,3
frwB,JW3922,LB,3
frwB,JW3922,M63,3
frwC,JW3921,LB,3
frwC,JW3921,M63,3
frwD,JW3925,LB,3
frwD,JW3925,M63,3
fsaA,JW5109,LB,3
fsaA,JW5109,M63,3
fsaB,JW3918,LB,3
fsaB,JW3918,M63,3
fsr,JW0468,LB,3
fsr,JW0468,M63,3
ftn,JW1893,LB,3
ftn,JW1893,M63,3
fucA,JW2771,LB,3
fucA,JW2771,M63,3
fucI,JW2773,LB,3
fucI,JW2773,M63,3
fucK,JW2774,LB,3
fucK,JW2774,M63,3
fucO,JW2770,LB,3
fucO,JW2770,M63,3
fucP,JW2772,LB,3
fucP,JW2772,M63,3
fucR,JW2776,LB,3
fucR,JW2776,M63,3
fucU,JW2775,LB,3
fucU,JW2775,M63,3
fumA,JW1604,LB,3
fumA,JW1604,M63,3
fumB,JW4083,LB,3
fumB,JW4083,M63,3
fumC,JW1603,LB,3
fumC,JW1603,M63,3
fur,JW0669,LB,3
fur,JW0669,M63,3
fxsA,JW4100,LB,3
fxsA,JW4100,M63,3
gabD,JW2636,LB,3
gabD,JW2636,M63,3
gabP,JW2638,LB,3
gabP,JW2638,M63,3
gabT,JW2637,LB,3
gabT,JW2637,M63,3
gadA,JW3485,LB,3
gadA,JW3485,M63,3
gadB,JW1488,LB,3
gadB,JW1488,M63,3
gadC,JW1487,LB,3
gadC,JW1487,M63,3
gadE,JW3480,LB,3
gadE,JW3480,M63,3
gadW,JW3483,LB,3
gadW,JW3483,M63,3
gadX,JW3484,LB,3
gadX,JW3484,M63,3
galE,JW0742,LB,3
galE,JW0742,M63,3
galF,JW2027,LB,3
galF,JW2027,M63,3
galK,JW0740,LB,3
galK,JW0740,M63,3
galM,JW0739,LB,3
galM,JW0739,M63,3
galP,JW2910,LB,3
galP,JW2910,M63,3
galR,JW2805,LB,3
galR,JW2805,M63,3
galS,JW2138,LB,3
galS,JW2138,M63,3
galT,JW0741,LB,3
galT,JW0741,M63,3
galU,JW1224,LB,3
galU,JW1224,M63,3
gapC,JW5906,LB,6
gapC,JW5906,M63,6
garD,JW3097,LB,3
garD,JW3097,M63,3
garK,JW3093,LB,3
garK,JW3093,M63,3
garL,JW3095,LB,3
garL,JW3095,M63,3
garP,JW3096,LB,3
garP,JW3096,M63,3
garR,JW5526,LB,3
garR,JW5526,M63,3
gatB,JW2077,LB,3
gatB,JW2077,M63,3
gatC,JW2076,LB,3
gatC,JW2076,M63,3
gatD,JW2075,LB,3
gatD,JW2075,M63,3
gatR,JW5340,LB,6
gatR,JW5340,M63,6
gatY,JW5343,LB,3
gatY,JW5343,M63,3
gatZ,JW2082,LB,3
gatZ,JW2082,M63,3
gcd,JW0120,LB,3
gcd,JW0120,M63,3
gcl,JW0495,LB,3
gcl,JW0495,M63,3
gcvA,JW2779,LB,3
gcvA,JW2779,M63,3
gcvH,JW2872,LB,3
gcvH,JW2872,M63,3
gcvP,JW2871,LB,3
gcvP,JW2871,M63,3
gcvR,JW2464,LB,3
gcvR,JW2464,M63,3
gcvT,JW2873,LB,3
gcvT,JW2873,M63,3
gdhA,JW1750,LB,3
gdhA,JW1750,M63,3
ggt,JW3412,LB,3
ggt,JW3412,M63,3
gidA,JW3719,LB,3
gidA,JW3719,M63,3
gidB,JW3718,LB,3
gidB,JW3718,M63,3
glcB,JW2943,LB,3
glcB,JW2943,M63,3
glcC,JW2947,LB,3
glcC,JW2947,M63,3
glcD,JW2946,LB,3
glcD,JW2946,M63,3
glcE,JW5487,LB,3
glcE,JW5487,M63,3
glcF,JW5486,LB,3
glcF,JW5486,M63,3
glcG,JW2944,LB,3
glcG,JW2944,M63,3
gldA,JW5556,LB,3
gldA,JW5556,M63,3
glf,JW2021,LB,3
glf,JW2021,M63,3
glgA,JW3392,LB,3
glgA,JW3392,M63,3
glgB,JW3395,LB,3
glgB,JW3395,M63,3
glgC,JW3393,LB,3
glgC,JW3393,M63,3
glgP,JW3391,LB,3
glgP,JW3391,M63,3
glgS,JW3021,LB,3
glgS,JW3021,M63,3
glgX,JW3394,LB,3
glgX,JW3394,M63,3
glk,JW2385,LB,3
glk,JW2385,M63,3
glmM,JW3143,LB,3
glmM,JW3143,M63,3
glnA,JW3841,LB,3
glnA,JW3841,M63,3
glnB,JW2537,LB,3
glnB,JW2537,M63,3
glnD,JW0162,LB,3
glnD,JW0162,M63,3
glnE,JW3025,LB,3
glnE,JW3025,M63,3
glnG,JW3839,LB,3
glnG,JW3839,M63,3
glnH,JW0796,LB,3
glnH,JW0796,M63,3
glnK,JW0440,LB,3
glnK,JW0440,M63,3
glnL,JW3840,LB,3
glnL,JW3840,M63,3
glnP,JW0795,LB,3
glnP,JW0795,M63,3
glnQ,JW0794,LB,3
glnQ,JW0794,M63,3
gloA,JW1643,LB,3
gloA,JW1643,M63,3
gloB,JW0202,LB,3
gloB,JW0202,M63,3
glpA,JW2235,LB,3
glpA,JW2235,M63,3
glpB,JW2236,LB,3
glpB,JW2236,M63,3
glpC,JW2237,LB,3
glpC,JW2237,M63,3
glpD,JW3389,LB,3
glpD,JW3389,M63,3
glpE,JW3388,LB,3
glpE,JW3388,M63,3
glpF,JW3898,LB,3
glpF,JW3898,M63,3
glpG,JW5687,LB,3
glpG,JW5687,M63,3
glpK,JW3897,LB,3
glpK,JW3897,M63,3
glpQ,JW2233,LB,3
glpQ,JW2233,M63,3
glpR,JW3386,LB,3
glpR,JW3386,M63,3
glpT,JW2234,LB,3
glpT,JW2234,M63,3
glpX,JW3896,LB,3
glpX,JW3896,M63,3
gltA,JW0710,LB,3
gltA,JW0710,M63,3
gltB,JW3179,LB,3
gltB,JW3179,M63,3
gltD,JW3180,LB,3
gltD,JW3180,M63,3
gltF,JW3181,LB,3
gltF,JW3181,M63,3
gltI,JW5092,LB,3
gltI,JW5092,M63,3
gltJ,JW0649,LB,3
gltJ,JW0649,M63,3
gltK,JW0648,LB,3
gltK,JW0648,M63,3
gltL,JW0647,LB,3
gltL,JW0647,M63,3
gltP,JW4038,LB,3
gltP,JW4038,M63,3
gltS,JW3628,LB,3
gltS,JW3628,M63,3
glvB,JW3659,LB,3
glvB,JW3659,M63,3
glvC,JW3660,LB,3
glvC,JW3660,M63,3
glvG,JW3658,LB,3
glvG,JW3658,M63,3
glxK,JW0502,LB,3
glxK,JW0502,M63,3
glxR,JW0497,LB,3
glxR,JW0497,M63,3
glyA,JW2535,LB,3
glyA,JW2535,M63,3
glyS,JW3530,LB,3
glyS,JW3530,M63,3
gmd,JW2038,LB,3
gmd,JW2038,M63,3
gmhB,JW0196,LB,3
gmhB,JW0196,M63,3
gmr,JW1278,LB,3
gmr,JW1278,M63,3
gnd,JW2011,LB,3
gnd,JW2011,M63,3
gnsA,JW0976,LB,3
gnsA,JW0976,M63,3
gnsB,JW5253,LB,3
gnsB,JW5253,M63,3
gntK,JW3400,LB,3
gntK,JW3400,M63,3
gntP,JW4284,LB,3
gntP,JW4284,M63,3
gntR,JW5946,LB,3
gntR,JW5946,M63,3
gntT,JW5690,LB,3
gntT,JW5690,M63,3
gntU,JW5686,LB,3
gntU,JW5686,M63,3
gntX,JW5691,LB,3
gntX,JW5691,M63,3
gntY,JW3377,LB,3
gntY,JW3377,M63,3
gor,JW3467,LB,3
gor,JW3467,M63,3
gph,JW3348,LB,3
gph,JW3348,M63,3
gpmA,JW0738,LB,3
gpmA,JW0738,M63,3
gpmI,JW3587,LB,3
gpmI,JW3587,M63,3
gpp,JW5603,LB,3
gpp,JW5603,M63,3
gpt,JW0228,LB,3
gpt,JW0228,M63,3
greA,JW3148,LB,3
greA,JW3148,M63,3
greB,JW3369,LB,3
greB,JW3369,M63,3
groL,JW4103,LB,3
groL,JW4103,M63,3
grxA,JW0833,LB,3
grxA,JW0833,M63,3
grxB,JW1051,LB,3
grxB,JW1051,M63,3
grxC,JW3585,LB,3
grxC,JW3585,M63,3
gshA,JW2663,LB,3
gshA,JW2663,M63,3
gshB,JW2914,LB,3
gshB,JW2914,M63,3
gsk,JW0466,LB,3
gsk,JW0466,M63,3
gspA,JW3285,LB,3
gspA,JW3285,M63,3
gspC,JW3286,LB,3
gspC,JW3286,M63,3
gspD,JW5707,LB,3
gspD,JW5707,M63,3
gspE,JW3288,LB,3
gspE,JW3288,M63,3
gspF,JW3289,LB,3
gspF,JW3289,M63,3
gspG,JW3290,LB,3
gspG,JW3290,M63,3
gspH,JW3291,LB,3
gspH,JW3291,M63,3
gspI,JW5706,LB,3
gspI,JW5706,M63,3
gspJ,JW3293,LB,3
gspJ,JW3293,M63,3
gspK,JW3294,LB,3
gspK,JW3294,M63,3
gspL,JW5705,LB,3
gspL,JW5705,M63,3
gspM,JW5704,LB,3
gspM,JW5704,M63,3
gspO,JW3297,LB,3
gspO,JW3297,M63,3
gss,JW2956,LB,3
gss,JW2956,M63,3
gst,JW1627,LB,3
gst,JW1627,M63,3
guaA,JW2491,LB,3
guaA,JW2491,M63,3
guaB,JW5401,LB,3
guaB,JW5401,M63,3
guaC,JW0101,LB,3
guaC,JW0101,M63,3
guaD,JW5466,LB,3
guaD,JW5466,M63,3
gudD,JW2758,LB,3
gudD,JW2758,M63,3
gudP,JW2760,LB,3
gudP,JW2760,M63,3
gudX,JW2759,LB,3
gudX,JW2759,M63,3
gutM,JW2675,LB,3
gutM,JW2675,M63,3
gutQ,JW5431,LB,3
gutQ,JW5431,M63,3
hcaB,JW2525,LB,3
hcaB,JW2525,M63,3
hcaC,JW2524,LB,3
hcaC,JW2524,M63,3
hcaD,JW2526,LB,3
hcaD,JW2526,M63,3
hcaE,JW2522,LB,3
hcaE,JW2522,M63,3
hcaF,JW2523,LB,3
hcaF,JW2523,M63,3
hcaR,JW2521,LB,3
hcaR,JW2521,M63,3
hcaT,JW2520,LB,3
hcaT,JW2520,M63,3
hchA,JW1950,LB,3
hchA,JW1950,M63,3
hcp,JW0857,LB,3
hcp,JW0857,M63,3
hcr,JW5117,LB,3
hcr,JW5117,M63,3
hda,JW5397,LB,3
hda,JW5397,M63,3
hdeA,JW3478,LB,3
hdeA,JW3478,M63,3
hdeB,JW5669,LB,3
hdeB,JW5669,M63,3
hdeD,JW3479,LB,3
hdeD,JW3479,M63,3
hdfR,JW5607,LB,3
hdfR,JW5607,M63,3
hdhA,JW1611,LB,3
hdhA,JW1611,M63,3
helD,JW0945,LB,3
helD,JW0945,M63,3
hemE,JW3961,LB,3
hemE,JW3961,M63,3
hemF,JW2429,LB,3
hemF,JW2429,M63,3
hemN,JW3838,LB,3
hemN,JW3838,M63,3
hemX,JW3775,LB,3
hemX,JW3775,M63,3
hemY,JW3774,LB,3
hemY,JW3774,M63,3
hepA,JW0058,LB,3
hepA,JW0058,M63,3
hflC,JW4133,LB,3
hflC,JW4133,M63,3
hflD,JW5165,LB,3
hflD,JW5165,M63,3
hflK,JW4132,LB,3
hflK,JW4132,M63,3
hflX,JW4131,LB,3
hflX,JW4131,M63,3
hfq,JW4130,LB,3
hfq,JW4130,M63,3
hha,JW0449,LB,3
hha,JW0449,M63,3
hinT,JW1089,LB,3
hinT,JW1089,M63,3
hipA,JW1500,LB,3
hipA,JW1500,M63,3
hipB,JW1501,LB,3
hipB,JW1501,M63,3
hisA,JW2006,LB,3
hisA,JW2006,M63,3
hisB,JW2004,LB,3
hisB,JW2004,M63,3
hisC,JW2003,LB,3
hisC,JW2003,M63,3
hisD,JW2002,LB,3
hisD,JW2002,M63,3
hisF,JW2007,LB,3
hisF,JW2007,M63,3
hisG,JW2001,LB,3
hisG,JW2001,M63,3
hisH,JW2005,LB,3
hisH,JW2005,M63,3
hisI,JW2008,LB,3
hisI,JW2008,M63,3
hisJ,JW2306,LB,3
hisJ,JW2306,M63,3
hisL,JW2000,LB,3
hisL,JW2000,M63,3
hisM,JW2304,LB,3
hisM,JW2304,M63,3
hisP,JW2303,LB,3
hisP,JW2303,M63,3
hisQ,JW2305,LB,3
hisQ,JW2305,M63,3
hlpA,JW0173,LB,3
hlpA,JW0173,M63,3
hlyE,JW5181,LB,3
hlyE,JW5181,M63,3
hmp,JW2536,LB,3
hmp,JW2536,M63,3
hns,JW1225,LB,3
hns,JW1225,M63,3
hofB,JW0103,LB,3
hofB,JW0103,M63,3
hofC,JW0102,LB,3
hofC,JW0102,M63,3
hofQ,JW3354,LB,3
hofQ,JW3354,M63,3
hokA,JW3526,LB,3
hokA,JW3526,M63,3
hokB,JW5225,LB,3
hokB,JW5225,M63,3
hokC,JW5002,LB,3
hokC,JW5002,M63,3
hokD,JW1554,LB,3
hokD,JW1554,M63,3
hokE,JW5084,LB,3
hokE,JW5084,M63,3
holC,JW4216,LB,3
holC,JW4216,M63,3
holD,JW4334,LB,3
holD,JW4334,M63,3
holE,JW1831,LB,3
holE,JW1831,M63,3
hpt,JW5009,LB,3
hpt,JW5009,M63,3
hrpA,JW5905,LB,3
hrpA,JW5905,M63,3
hrpB,JW0144,LB,3
hrpB,JW0144,M63,3
hscA,JW2510,LB,3
hscA,JW2510,M63,3
hscB,JW2511,LB,3
hscB,JW2511,M63,3
hscC,JW0645,LB,3
hscC,JW0645,M63,3
hsdM,JW4312,LB,3
hsdM,JW4312,M63,3
hsdR,JW4313,LB,3
hsdR,JW4313,M63,3
hsdS,JW4311,LB,3
hsdS,JW4311,M63,3
hslJ,JW1374,LB,3
hslJ,JW1374,M63,3
hslO,JW5692,LB,3
hslO,JW5692,M63,3
hslR,JW3363,LB,3
hslR,JW3363,M63,3
hslU,JW3902,LB,3
hslU,JW3902,M63,3
hslV,JW3903,LB,3
hslV,JW3903,M63,3
hsrA,JW3733,LB,3
hsrA,JW3733,M63,3
htgA,JW5001,LB,3
htgA,JW5001,M63,3
htpG,JW0462,LB,3
htpG,JW0462,M63,3
htpX,JW1818,LB,3
htpX,JW1818,M63,3
htrC,JW3952,LB,3
htrC,JW3952,M63,3
htrE,JW0135,LB,3
htrE,JW0135,M63,3
htrG,JW3027,LB,3
htrG,JW3027,M63,3
htrL,JW5644,LB,3
htrL,JW5644,M63,3
hupA,JW3964,LB,3
hupA,JW3964,M63,3
hupB,JW0430,LB,3
hupB,JW0430,M63,3
hyaA,JW0954,LB,3
hyaA,JW0954,M63,3
hyaB,JW0955,LB,3
hyaB,JW0955,M63,3
hyaC,JW0956,LB,3
hyaC,JW0956,M63,3
hyaD,JW0957,LB,3
hyaD,JW0957,M63,3
hyaE,JW0958,LB,3
hyaE,JW0958,M63,3
hyaF,JW0959,LB,3
hyaF,JW0959,M63,3
hybA,JW2964,LB,3
hybA,JW2964,M63,3
hybB,JW5494,LB,3
hybB,JW5494,M63,3
hybC,JW2962,LB,3
hybC,JW2962,M63,3
hybD,JW2961,LB,3
hybD,JW2961,M63,3
hybE,JW2960,LB,3
hybE,JW2960,M63,3
hybF,JW5493,LB,3
hybF,JW5493,M63,3
hybG,JW2958,LB,3
hybG,JW2958,M63,3
hybO,JW2965,LB,3
hybO,JW2965,M63,3
hycA,JW2695,LB,3
hycA,JW2695,M63,3
hycB,JW2694,LB,3
hycB,JW2694,M63,3
hycC,JW2693,LB,3
hycC,JW2693,M63,3
hycD,JW2692,LB,3
hycD,JW2692,M63,3
hycE,JW2691,LB,3
hycE,JW2691,M63,3
hycF,JW2690,LB,3
hycF,JW2690,M63,3
hycG,JW2689,LB,3
hycG,JW2689,M63,3
hycH,JW2688,LB,3
hycH,JW2688,M63,3
hycI,JW2687,LB,3
hycI,JW2687,M63,3
hydN,JW2683,LB,3
hydN,JW2683,M63,3
hyfA,JW2466,LB,3
hyfA,JW2466,M63,3
hyfB,JW2467,LB,3
hyfB,JW2467,M63,3
hyfC,JW2468,LB,3
hyfC,JW2468,M63,3
hyfD,JW2469,LB,3
hyfD,JW2469,M63,3
hyfE,JW2470,LB,3
hyfE,JW2470,M63,3
hyfF,JW2471,LB,3
hyfF,JW2471,M63,3
hyfG,JW2472,LB,3
hyfG,JW2472,M63,3
hyfH,JW2473,LB,3
hyfH,JW2473,M63,3
hyfI,JW5805,LB,3
hyfI,JW5805,M63,3
hyfJ,JW2475,LB,3
hyfJ,JW2475,M63,3
hyfR,JW2476,LB,3
hyfR,JW2476,M63,3
hyi,JW0496,LB,3
hyi,JW0496,M63,3
hypA,JW2696,LB,3
hypA,JW2696,M63,3
hypB,JW2697,LB,3
hypB,JW2697,M63,3
hypC,JW2698,LB,3
hypC,JW2698,M63,3
hypD,JW2699,LB,3
hypD,JW2699,M63,3
hypE,JW2700,LB,3
hypE,JW2700,M63,3
hypF,JW5433,LB,3
hypF,JW5433,M63,3
hyuA,JW2841,LB,3
hyuA,JW2841,M63,3
iaaA,JW0812,LB,3
iaaA,JW0812,M63,3
iadA,JW4291,LB,3
iadA,JW4291,M63,3
iap,JW2723,LB,3
iap,JW2723,M63,3
ibpA,JW3664,LB,3
ibpA,JW3664,M63,3
ibpB,JW3663,LB,3
ibpB,JW3663,M63,3
icd,JW1122,LB,3
icd,JW1122,M63,3
icdC,JW5173,LB,3
icdC,JW5173,M63,3
iclR,JW3978,LB,3
iclR,JW3978,M63,3
idi,JW2857,LB,3
idi,JW2857,M63,3
idnD,JW4224,LB,3
idnD,JW4224,M63,3
idnK,JW4225,LB,3
idnK,JW4225,M63,3
idnO,JW4223,LB,3
idnO,JW4223,M63,3
idnR,JW4221,LB,3
idnR,JW4221,M63,3
idnT,JW4222,LB,3
idnT,JW4222,M63,3
ihfA,JW1702,LB,3
ihfA,JW1702,M63,3
ihfB,JW0895,LB,3
ihfB,JW0895,M63,3
ileS,JW0024,LB,3
ileS,JW0024,M63,3
ilvA,JW3745,LB,3
ilvA,JW3745,M63,3
ilvB,JW3646,LB,3
ilvB,JW3646,M63,3
ilvC,JW3747,LB,3
ilvC,JW3747,M63,3
ilvD,JW5605,LB,3
ilvD,JW5605,M63,3
ilvE,JW5606,LB,3
ilvE,JW5606,M63,3
ilvG,JW3740,LB,6
ilvG,JW3740,M63,6
ilvH,JW0077,LB,3
ilvH,JW0077,M63,3
ilvI,JW0076,LB,3
ilvI,JW0076,M63,3
ilvL,JW3739,LB,3
ilvL,JW3739,M63,3
ilvM,JW3742,LB,3
ilvM,JW3742,M63,3
ilvN,JW3645,LB,3
ilvN,JW3645,M63,3
ilvY,JW3746,LB,3
ilvY,JW3746,M63,3
inaA,JW2231,LB,3
inaA,JW2231,M63,3
insO,JW0247,LB,3
insO,JW0247,M63,3
intA,JW2602,LB,3
intA,JW2602,M63,3
intB,JW4227,LB,3
intB,JW4227,M63,3
intD,JW0525,LB,3
intD,JW0525,M63,3
intE,JW1126,LB,3
intE,JW1126,M63,3
intF,JW0275,LB,3
intF,JW0275,M63,3
intG,JW5913,LB,3
intG,JW5913,M63,3
intQ,JW1571,LB,3
intQ,JW1571,M63,3
intR,JW1339,LB,3
intR,JW1339,M63,3
intS,JW2345,LB,3
intS,JW2345,M63,3
iscA,JW2512,LB,3
iscA,JW2512,M63,3
iscR,JW2515,LB,3
iscR,JW2515,M63,3
iscS,JW2514,LB,3
iscS,JW2514,M63,3
iscU,JW2513,LB,3
iscU,JW2513,M63,3
ivbL,JW3647,LB,3
ivbL,JW3647,M63,3
ivy,JW0210,LB,3
ivy,JW0210,M63,3
katE,JW1721,LB,3
katE,JW1721,M63,3
katG,JW3914,LB,3
katG,JW3914,M63,3
kbaY,JW3106,LB,3
kbaY,JW3106,M63,3
kbaZ,JW3101,LB,3
kbaZ,JW3101,M63,3
kbl,JW3592,LB,3
kbl,JW3592,M63,3
kch,JW1242,LB,3
kch,JW1242,M63,3
kdgK,JW5668,LB,3
kdgK,JW5668,M63,3
kdgR,JW1816,LB,3
kdgR,JW1816,M63,3
kdgT,JW5560,LB,3
kdgT,JW5560,M63,3
kdpA,JW0686,LB,3
kdpA,JW0686,M63,3
kdpB,JW0685,LB,3
kdpB,JW0685,M63,3
kdpC,JW0684,LB,3
kdpC,JW0684,M63,3
kdpD,JW0683,LB,3
kdpD,JW0683,M63,3
kdpE,JW5096,LB,3
kdpE,JW5096,M63,3
kdpF,JW0687,LB,3
kdpF,JW0687,M63,3
kdsC,JW3165,LB,3
kdsC,JW3165,M63,3
kdsD,JW3164,LB,3
kdsD,JW3164,M63,3
kduD,JW2810,LB,3
kduD,JW2810,M63,3
kduI,JW2811,LB,3
kduI,JW2811,M63,3
kefA,JW0454,LB,3
kefA,JW0454,M63,3
kefB,JW3313,LB,3
kefB,JW3313,M63,3
kefC,JW0046,LB,3
kefC,JW0046,M63,3
kefF,JW0045,LB,3
kefF,JW0045,M63,3
kefG,JW3314,LB,3
kefG,JW3314,M63,3
kgtP,JW2571,LB,3
kgtP,JW2571,M63,3
kil,JW1347,LB,3
kil,JW1347,M63,3
kptA,JW5784,LB,3
kptA,JW5784,M63,3
ksgA,JW0050,LB,3
ksgA,JW0050,M63,3
lacA,JW0333,LB,3
lacA,JW0333,M63,3
lacI,JW0336,LB,3
lacI,JW0336,M63,3
lacY,JW0334,LB,3
lacY,JW0334,M63,3
lamB,JW3996,LB,3
lamB,JW3996,M63,3
lar,JW5208,LB,3
lar,JW5208,M63,3
ldcA,JW1181,LB,3
ldcA,JW1181,M63,3
ldcC,JW0181,LB,3
ldcC,JW0181,M63,3
ldhA,JW1375,LB,3
ldhA,JW1375,M63,3
lepA,JW2553,LB,3
lepA,JW2553,M63,3
leuA,JW0073,LB,3
leuA,JW0073,M63,3
leuB,JW5807,LB,3
leuB,JW5807,M63,3
leuC,JW0071,LB,3
leuC,JW0071,M63,3
leuD,JW0070,LB,3
leuD,JW0070,M63,3
leuL,JW0074,LB,3
leuL,JW0074,M63,3
leuO,JW0075,LB,3
leuO,JW0075,M63,3
lhr,JW1645,LB,3
lhr,JW1645,M63,3
ligB,JW3622,LB,3
ligB,JW3622,M63,3
ligT,JW5011,LB,3
ligT,JW5011,M63,3
lipA,JW0623,LB,3
lipA,JW0623,M63,3
lipB,JW5089,LB,3
lipB,JW5089,M63,3
lit,JW1125,LB,3
lit,JW1125,M63,3
livF,JW3419,LB,3
livF,JW3419,M63,3
livG,JW3420,LB,3
livG,JW3420,M63,3
livH,JW3422,LB,3
livH,JW3422,M63,3
livJ,JW3425,LB,3
livJ,JW3425,M63,3
livK,JW3423,LB,3
livK,JW3423,M63,3
livM,JW3421,LB,3
livM,JW3421,M63,3
lldD,JW3580,LB,3
lldD,JW3580,M63,3
lldP,JW3578,LB,3
lldP,JW3578,M63,3
lldR,JW3579,LB,3
lldR,JW3579,M63,3
lomR,JW5904,LB,3
lomR,JW5904,M63,3
lon,JW0429,LB,3
lon,JW0429,M63,3
lpcA,JW0212,LB,3
lpcA,JW0212,M63,3
lpd,JW0112,LB,3
lpd,JW0112,M63,3
lplA,JW4349,LB,3
lplA,JW4349,M63,3
lpp,JW1667,LB,3
lpp,JW1667,M63,3
lpxL,JW1041,LB,3
lpxL,JW1041,M63,3
lpxM,JW1844,LB,3
lpxM,JW1844,M63,3
lrhA,JW2284,LB,3
lrhA,JW2284,M63,3
lrp,JW0872,LB,3
lrp,JW0872,M63,3
lsrB,JW1509,LB,3
lsrB,JW1509,M63,3
lsrC,JW1507,LB,3
lsrC,JW1507,M63,3
lsrD,JW1508,LB,3
lsrD,JW1508,M63,3
lsrF,JW1510,LB,3
lsrF,JW1510,M63,3
lsrG,JW1511,LB,3
lsrG,JW1511,M63,3
ltaE,JW0854,LB,3
ltaE,JW0854,M63,3
luxS,JW2662,LB,3
luxS,JW2662,M63,3
lysA,JW2806,LB,3
lysA,JW2806,M63,3
lysC,JW3984,LB,3
lysC,JW3984,M63,3
lysP,JW2143,LB,3
lysP,JW2143,M63,3
lysR,JW2807,LB,3
lysR,JW2807,M63,3
lysS,JW2858,LB,3
lysS,JW2858,M63,3
lysU,JW4090,LB,3
lysU,JW4090,M63,3
lyxK,JW3552,LB,3
lyxK,JW3552,M63,3
maa,JW0448,LB,3
maa,JW0448,M63,3
macA,JW0862,LB,3
macA,JW0862,M63,3
macB,JW0863,LB,3
macB,JW0863,M63,3
maeB,JW2447,LB,3
maeB,JW2447,M63,3
mak,JW0385,LB,3
mak,JW0385,M63,3
malE,JW3994,LB,3
malE,JW3994,M63,3
malF,JW3993,LB,3
malF,JW3993,M63,3
malG,JW3992,LB,3
malG,JW3992,M63,3
malI,JW1612,LB,3
malI,JW1612,M63,3
malK,JW3995,LB,3
malK,JW3995,M63,3
malM,JW3997,LB,3
malM,JW3997,M63,3
malP,JW5689,LB,3
malP,JW5689,M63,3
malQ,JW3379,LB,3
malQ,JW3379,M63,3
malS,JW3543,LB,3
malS,JW3543,M63,3
malT,JW3381,LB,3
malT,JW3381,M63,3
malX,JW1613,LB,3
malX,JW1613,M63,3
malY,JW1614,LB,3
malY,JW1614,M63,3
malZ,JW0393,LB,3
malZ,JW0393,M63,3
manA,JW1605,LB,3
manA,JW1605,M63,3
manX,JW1806,LB,3
manX,JW1806,M63,3
manY,JW1807,LB,3
manY,JW1807,M63,3
manZ,JW1808,LB,3
manZ,JW1808,M63,3
maoC,JW1382,LB,3
maoC,JW1382,M63,3
marA,JW5249,LB,3
marA,JW5249,M63,3
marB,JW1525,LB,3
marB,JW1525,M63,3
marC,JW1522,LB,3
marC,JW1522,M63,3
marR,JW5248,LB,3
marR,JW5248,M63,3
mazG,JW2752,LB,3
mazG,JW2752,M63,3
mbhA,JW5812,LB,3
mbhA,JW5812,M63,3
mcrA,JW1145,LB,3
mcrA,JW1145,M63,3
mcrB,JW5871,LB,3
mcrB,JW5871,M63,3
mcrC,JW5789,LB,3
mcrC,JW5789,M63,3
mdaB,JW2996,LB,3
mdaB,JW2996,M63,3
mdh,JW3205,LB,3
mdh,JW3205,M63,3
mdlA,JW0438,LB,3
mdlA,JW0438,M63,3
mdlB,JW5061,LB,3
mdlB,JW5061,M63,3
mdoB,JW5794,LB,3
mdoB,JW5794,M63,3
mdoC,JW1034,LB,3
mdoC,JW1034,M63,3
mdoD,JW1420,LB,3
mdoD,JW1420,M63,3
mdoG,JW1035,LB,3
mdoG,JW1035,M63,3
mdoH,JW1037,LB,3
mdoH,JW1037,M63,3
mdtA,JW5338,LB,3
mdtA,JW5338,M63,3
mdtB,JW2060,LB,3
mdtB,JW2060,M63,3
mdtC,JW2061,LB,3
mdtC,JW2061,M63,3
mdtD,JW2062,LB,3
mdtD,JW2062,M63,3
mdtE,JW3481,LB,3
mdtE,JW3481,M63,3
mdtF,JW3482,LB,3
mdtF,JW3482,M63,3
mdtG,JW1040,LB,3
mdtG,JW1040,M63,3
mdtH,JW1052,LB,3
mdtH,JW1052,M63,3
mdtI,JW1591,LB,3
mdtI,JW1591,M63,3
mdtJ,JW1592,LB,3
mdtJ,JW1592,M63,3
mdtK,JW1655,LB,3
mdtK,JW1655,M63,3
mdtL,JW3688,LB,3
mdtL,JW3688,M63,3
melA,JW4080,LB,3
melA,JW4080,M63,3
melB,JW4081,LB,3
melB,JW4081,M63,3
melR,JW4079,LB,3
melR,JW4079,M63,3
menA,JW3901,LB,3
menA,JW3901,M63,3
menB,JW2257,LB,3
menB,JW2257,M63,3
menC,JW2256,LB,3
menC,JW2256,M63,3
menD,JW5374,LB,3
menD,JW5374,M63,3
menE,JW2255,LB,3
menE,JW2255,M63,3
menF,JW2260,LB,3
menF,JW2260,M63,3
mepA,JW2325,LB,3
mepA,JW2325,M63,3
metA,JW3973,LB,3
metA,JW3973,M63,3
metB,JW3910,LB,3
metB,JW3910,M63,3
metC,JW2975,LB,3
metC,JW2975,M63,3
metE,JW3805,LB,3
metE,JW3805,M63,3
metF,JW3913,LB,3
metF,JW3913,M63,3
metH,JW3979,LB,3
metH,JW3979,M63,3
metI,JW0194,LB,3
metI,JW0194,M63,3
metJ,JW3909,LB,3
metJ,JW3909,M63,3
metL,JW3911,LB,3
metL,JW3911,M63,3
metN,JW0195,LB,3
metN,JW0195,M63,3
metQ,JW0193,LB,3
metQ,JW0193,M63,3
metR,JW3804,LB,3
metR,JW3804,M63,3
mfd,JW1100,LB,3
mfd,JW1100,M63,3
mglA,JW2136,LB,3
mglA,JW2136,M63,3
mglB,JW2137,LB,3
mglB,JW2137,M63,3
mglC,JW2135,LB,3
mglC,JW2135,M63,3
mgsA,JW5129,LB,3
mgsA,JW5129,M63,3
mgtA,JW4201,LB,3
mgtA,JW4201,M63,3
mhpA,JW0338,LB,3
mhpA,JW0338,M63,3
mhpB,JW0339,LB,3
mhpB,JW0339,M63,3
mhpC,JW0340,LB,3
mhpC,JW0340,M63,3
mhpD,JW0341,LB,3
mhpD,JW0341,M63,3
mhpE,JW0343,LB,3
mhpE,JW0343,M63,3
mhpF,JW0342,LB,3
mhpF,JW0342,M63,3
mhpR,JW0337,LB,3
mhpR,JW0337,M63,3
mhpT,JW5046,LB,3
mhpT,JW5046,M63,3
miaA,JW4129,LB,3
miaA,JW4129,M63,3
miaB,JW0658,LB,3
miaB,JW0658,M63,3
minC,JW1165,LB,3
minC,JW1165,M63,3
mioC,JW3720,LB,3
mioC,JW3720,M63,3
mipA,JW1771,LB,3
mipA,JW1771,M63,3
mlrA,JW2115,LB,3
mlrA,JW2115,M63,3
mltA,JW2784,LB,3
mltA,JW2784,M63,3
mltB,JW2671,LB,3
mltB,JW2671,M63,3
mltC,JW5481,LB,3
mltC,JW5481,M63,3
mltD,JW5018,LB,3
mltD,JW5018,M63,3
mmuM,JW0253,LB,3
mmuM,JW0253,M63,3
mmuP,JW5027,LB,3
mmuP,JW5027,M63,3
mngA,JW0720,LB,3
mngA,JW0720,M63,3
mngB,JW0721,LB,3
mngB,JW0721,M63,3
mngR,JW0719,LB,3
mngR,JW0719,M63,3
mntH,JW2388,LB,3
mntH,JW2388,M63,3
mntR,JW0801,LB,3
mntR,JW0801,M63,3
moaA,JW0764,LB,3
moaA,JW0764,M63,3
moaB,JW0765,LB,3
moaB,JW0765,M63,3
moaC,JW0766,LB,3
moaC,JW0766,M63,3
moaD,JW0767,LB,3
moaD,JW0767,M63,3
moaE,JW0768,LB,3
moaE,JW0768,M63,3
mobA,JW3829,LB,3
mobA,JW3829,M63,3
mobB,JW5575,LB,3
mobB,JW5575,M63,3
modA,JW0746,LB,3
modA,JW0746,M63,3
modB,JW0747,LB,3
modB,JW0747,M63,3
modC,JW0748,LB,3
modC,JW0748,M63,3
modE,JW0744,LB,3
modE,JW0744,M63,3
modF,JW0743,LB,3
modF,JW0743,M63,3
moeA,JW0811,LB,3
moeA,JW0811,M63,3
moeB,JW0810,LB,3
moeB,JW0810,M63,3
mog,JW0008,LB,3
mog,JW0008,M63,3
molR,JW5915,LB,9
molR,JW5915,M63,9
motA,JW1879,LB,3
motA,JW1879,M63,3
motB,JW1878,LB,3
motB,JW1878,M63,3
mpaA,JW1319,LB,3
mpaA,JW1319,M63,3
mpl,JW4192,LB,3
mpl,JW4192,M63,3
mppA,JW1322,LB,3
mppA,JW1322,M63,3
mprA,JW2659,LB,3
mprA,JW2659,M63,3
mqo,JW2198,LB,3
mqo,JW2198,M63,3
mraW,JW0080,LB,3
mraW,JW0080,M63,3
mraZ,JW0079,LB,3
mraZ,JW0079,M63,3
mrcA,JW3359,LB,3
mrcA,JW3359,M63,3
mrcB,JW0145,LB,3
mrcB,JW0145,M63,3
mrp,JW2100,LB,3
mrp,JW2100,M63,3
mrr,JW4314,LB,3
mrr,JW4314,M63,3
mscL,JW3252,LB,3
mscL,JW3252,M63,3
mscS,JW2891,LB,3
mscS,JW2891,M63,3
msrA,JW4178,LB,3
msrA,JW4178,M63,3
msyB,JW1039,LB,3
msyB,JW1039,M63,3
mtgA,JW3175,LB,3
mtgA,JW3175,M63,3
mtlA,JW3573,LB,3
mtlA,JW3573,M63,3
mtlD,JW3574,LB,3
mtlD,JW3574,M63,3
mtlR,JW3575,LB,3
mtlR,JW3575,M63,3
mtr,JW3130,LB,3
mtr,JW3130,M63,3
murP,JW2422,LB,3
murP,JW2422,M63,3
mutH,JW2799,LB,3
mutH,JW2799,M63,3
mutL,JW4128,LB,3
mutL,JW4128,M63,3
mutM,JW3610,LB,3
mutM,JW3610,M63,3
mutS,JW2703,LB,3
mutS,JW2703,M63,3
mutT,JW0097,LB,3
mutT,JW0097,M63,3
mutY,JW2928,LB,3
mutY,JW2928,M63,3
mviM,JW1055,LB,3
mviM,JW1055,M63,3
nac,JW1967,LB,3
nac,JW1967,M63,3
nadA,JW0733,LB,3
nadA,JW0733,M63,3
nadB,JW2558,LB,3
nadB,JW2558,M63,3
nadC,JW0105,LB,3
nadC,JW0105,M63,3
nadR,JW5800,LB,3
nadR,JW5800,M63,3
nagA,JW0663,LB,3
nagA,JW0663,M63,3
nagB,JW0664,LB,3
nagB,JW0664,M63,3
nagC,JW0662,LB,3
nagC,JW0662,M63,3
nagD,JW0661,LB,3
nagD,JW0661,M63,3
nagE,JW0665,LB,3
nagE,JW0665,M63,3
nagZ,JW1093,LB,3
nagZ,JW1093,M63,3
nanA,JW3194,LB,3
nanA,JW3194,M63,3
nanE,JW3192,LB,3
nanE,JW3192,M63,3
nanK,JW5538,LB,3
nanK,JW5538,M63,3
nanR,JW3195,LB,3
nanR,JW3195,M63,3
nanT,JW3193,LB,3
nanT,JW3193,M63,3
napA,JW2194,LB,3
napA,JW2194,M63,3
napB,JW5367,LB,3
napB,JW5367,M63,3
napC,JW2190,LB,3
napC,JW2190,M63,3
napD,JW2195,LB,3
napD,JW2195,M63,3
napF,JW2196,LB,3
napF,JW2196,M63,3
napG,JW2193,LB,3
napG,JW2193,M63,3
napH,JW2192,LB,3
napH,JW2192,M63,3
narG,JW1215,LB,3
narG,JW1215,M63,3
narH,JW1216,LB,3
narH,JW1216,M63,3
narI,JW1218,LB,3
narI,JW1218,M63,3
narJ,JW1217,LB,3
narJ,JW1217,M63,3
narK,JW1214,LB,3
narK,JW1214,M63,3
narL,JW1212,LB,3
narL,JW1212,M63,3
narP,JW2181,LB,3
narP,JW2181,M63,3
narQ,JW2453,LB,3
narQ,JW2453,M63,3
narU,JW1464,LB,3
narU,JW1464,M63,3
narV,JW1460,LB,3
narV,JW1460,M63,3
narW,JW1461,LB,3
narW,JW1461,M63,3
narX,JW1213,LB,3
narX,JW1213,M63,3
narY,JW1462,LB,3
narY,JW1462,M63,3
narZ,JW1463,LB,3
narZ,JW1463,M63,3
ndh,JW1095,LB,3
ndh,JW1095,M63,3
ndk,JW2502,LB,3
ndk,JW2502,M63,3
nei,JW0704,LB,3
nei,JW0704,M63,3
nemA,JW1642,LB,3
nemA,JW1642,M63,3
nfi,JW5547,LB,3
nfi,JW5547,M63,3
nfnB,JW0567,LB,3
nfnB,JW0567,M63,3
nfo,JW2146,LB,3
nfo,JW2146,M63,3
nfrA,JW0557,LB,3
nfrA,JW0557,M63,3
nfrB,JW0558,LB,3
nfrB,JW0558,M63,3
nfsA,JW0835,LB,3
nfsA,JW0835,M63,3
nhaA,JW0018,LB,3
nhaA,JW0018,M63,3
nhaB,JW1175,LB,3
nhaB,JW1175,M63,3
nhaR,JW0019,LB,3
nhaR,JW0019,M63,3
nhoA,JW1458,LB,3
nhoA,JW1458,M63,3
nikA,JW3441,LB,3
nikA,JW3441,M63,3
nikB,JW3442,LB,3
nikB,JW3442,M63,3
nikC,JW3443,LB,3
nikC,JW3443,M63,3
nikD,JW3444,LB,3
nikD,JW3444,M63,3
nikE,JW3445,LB,3
nikE,JW3445,M63,3
nikR,JW3446,LB,3
nikR,JW3446,M63,3
ninE,JW0536,LB,3
ninE,JW0536,M63,3
nirB,JW3328,LB,3
nirB,JW3328,M63,3
nirC,JW3330,LB,3
nirC,JW3330,M63,3
nirD,JW3329,LB,3
nirD,JW3329,M63,3
nlpA,JW3635,LB,3
nlpA,JW3635,M63,3
nlpB,JW2462,LB,3
nlpB,JW2462,M63,3
nlpC,JW1698,LB,3
nlpC,JW1698,M63,3
nlpD,JW2712,LB,3
nlpD,JW2712,M63,3
nlpE,JW0188,LB,3
nlpE,JW0188,M63,3
nlpI,JW3132,LB,3
nlpI,JW3132,M63,3
nmpC,JW5078,LB,3
nmpC,JW5078,M63,3
nohA,JW1541,LB,3
nohA,JW1541,M63,3
nohB,JW0549,LB,3
nohB,JW0549,M63,3
norR,JW5843,LB,3
norR,JW5843,M63,3
norV,JW2680,LB,3
norV,JW2680,M63,3
norW,JW2681,LB,3
norW,JW2681,M63,3
npr,JW3173,LB,3
npr,JW3173,M63,3
nrdD,JW4197,LB,3
nrdD,JW4197,M63,3
nrdE,JW2650,LB,3
nrdE,JW2650,M63,3
nrdF,JW2651,LB,3
nrdF,JW2651,M63,3
nrdG,JW4196,LB,3
nrdG,JW4196,M63,3
nrdH,JW2648,LB,3
nrdH,JW2648,M63,3
nrdI,JW2649,LB,3
nrdI,JW2649,M63,3
nrfA,JW4031,LB,3
nrfA,JW4031,M63,3
nrfB,JW4032,LB,3
nrfB,JW4032,M63,3
nrfC,JW4033,LB,3
nrfC,JW4033,M63,3
nrfD,JW4034,LB,3
nrfD,JW4034,M63,3
nrfE,JW4035,LB,3
nrfE,JW4035,M63,3
nrfF,JW4036,LB,3
nrfF,JW4036,M63,3
nrfG,JW4037,LB,3
nrfG,JW4037,M63,3
nth,JW1625,LB,3
nth,JW1625,M63,3
nudB,JW1854,LB,3
nudB,JW1854,M63,3
nudC,JW5548,LB,3
nudC,JW5548,M63,3
nudD,JW5335,LB,3
nudD,JW5335,M63,3
nudE,JW3360,LB,3
nudE,JW3360,M63,3
nudF,JW3002,LB,3
nudF,JW3002,M63,3
nudG,JW1748,LB,3
nudG,JW1748,M63,3
nudH,JW2798,LB,3
nudH,JW2798,M63,3
nuoA,JW2283,LB,3
nuoA,JW2283,M63,3
nuoB,JW5875,LB,3
nuoB,JW5875,M63,3
nuoC,JW5375,LB,3
nuoC,JW5375,M63,3
nuoE,JW2280,LB,3
nuoE,JW2280,M63,3
nuoF,JW2279,LB,3
nuoF,JW2279,M63,3
nuoG,JW2278,LB,3
nuoG,JW2278,M63,3
nuoH,JW2277,LB,3
nuoH,JW2277,M63,3
nuoI,JW2276,LB,3
nuoI,JW2276,M63,3
nuoJ,JW2275,LB,3
nuoJ,JW2275,M63,3
nuoK,JW2274,LB,3
nuoK,JW2274,M63,3
nuoL,JW2273,LB,3
nuoL,JW2273,M63,3
nuoM,JW2272,LB,3
nuoM,JW2272,M63,3
nuoN,JW2271,LB,3
nuoN,JW2271,M63,3
nupC,JW2389,LB,3
nupC,JW2389,M63,3
nupG,JW2932,LB,3
nupG,JW2932,M63,3
nusB,JW0406,LB,3
nusB,JW0406,M63,3
ogrK,JW2067,LB,3
ogrK,JW2067,M63,3
ogt,JW1329,LB,3
ogt,JW1329,M63,3
ompA,JW0940,LB,3
ompA,JW0940,M63,3
ompC,JW2203,LB,3
ompC,JW2203,M63,3
ompF,JW0912,LB,3
ompF,JW0912,M63,3
ompG,JW1312,LB,3
ompG,JW1312,M63,3
ompL,JW3846,LB,3
ompL,JW3846,M63,3
ompN,JW1371,LB,3
ompN,JW1371,M63,3
ompR,JW3368,LB,3
ompR,JW3368,M63,3
ompT,JW0554,LB,3
ompT,JW0554,M63,3
ompW,JW1248,LB,3
ompW,JW1248,M63,3
ompX,JW0799,LB,3
ompX,JW0799,M63,3
oppA,JW1235,LB,3
oppA,JW1235,M63,3
oppB,JW1236,LB,3
oppB,JW1236,M63,3
oppC,JW1237,LB,3
oppC,JW1237,M63,3
oppD,JW1238,LB,3
oppD,JW1238,M63,3
oppF,JW1239,LB,3
oppF,JW1239,M63,3
osmB,JW1275,LB,3
osmB,JW1275,M63,3
osmC,JW1477,LB,3
osmC,JW1477,M63,3
osmE,JW1728,LB,3
osmE,JW1728,M63,3
osmY,JW4338,LB,3
osmY,JW4338,M63,3
otsA,JW5312,LB,3
otsA,JW5312,M63,3
otsB,JW1886,LB,3
otsB,JW1886,M63,3
oxc,JW2370,LB,3
oxc,JW2370,M63,3
oxyR,JW3933,LB,3
oxyR,JW3933,M63,3
paaA,JW1383,LB,3
paaA,JW1383,M63,3
paaB,JW1384,LB,3
paaB,JW1384,M63,3
paaC,JW1385,LB,3
paaC,JW1385,M63,3
paaD,JW5217,LB,3
paaD,JW5217,M63,3
paaE,JW1387,LB,3
paaE,JW1387,M63,3
paaF,JW1388,LB,3
paaF,JW1388,M63,3
paaG,JW1389,LB,3
paaG,JW1389,M63,3
paaH,JW1390,LB,3
paaH,JW1390,M63,3
paaI,JW1391,LB,3
paaI,JW1391,M63,3
paaJ,JW1392,LB,3
paaJ,JW1392,M63,3
paaK,JW5218,LB,3
paaK,JW5218,M63,3
paaX,JW1394,LB,3
paaX,JW1394,M63,3
paaY,JW1395,LB,3
paaY,JW1395,M63,3
pabA,JW3323,LB,3
pabA,JW3323,M63,3
pabB,JW1801,LB,3
pabB,JW1801,M63,3
pabC,JW1082,LB,3
pabC,JW1082,M63,3
pal,JW0731,LB,3
pal,JW0731,M63,3
panB,JW0130,LB,3
panB,JW0130,M63,3
panC,JW0129,LB,3
panC,JW0129,M63,3
panD,JW0127,LB,3
panD,JW0127,M63,3
panE,JW0415,LB,3
panE,JW0415,M63,3
panF,JW3226,LB,3
panF,JW3226,M63,3
parC,JW2987,LB,3
parC,JW2987,M63,3
pbl,JW5457,LB,3
pbl,JW5457,M63,3
pbpC,JW2503,LB,3
pbpC,JW2503,M63,3
pbpG,JW5355,LB,3
pbpG,JW5355,M63,3
pck,JW3366,LB,3
pck,JW3366,M63,3
pcm,JW2713,LB,3
pcm,JW2713,M63,3
pcnB,JW5808,LB,3
pcnB,JW5808,M63,3
pdhR,JW0109,LB,3
pdhR,JW0109,M63,3
pdxA,JW0051,LB,3
pdxA,JW0051,M63,3
pdxB,JW2317,LB,3
pdxB,JW2317,M63,3
pdxH,JW1630,LB,3
pdxH,JW1630,M63,3
pdxJ,JW2548,LB,3
pdxJ,JW2548,M63,3
pdxK,JW2411,LB,3
pdxK,JW2411,M63,3
pdxY,JW1628,LB,3
pdxY,JW1628,M63,3
pepA,JW4217,LB,3
pepA,JW4217,M63,3
pepB,JW2507,LB,3
pepB,JW2507,M63,3
pepD,JW0227,LB,3
pepD,JW0227,M63,3
pepE,JW3981,LB,3
pepE,JW3981,M63,3
pepN,JW0915,LB,3
pepN,JW0915,M63,3
pepP,JW2876,LB,3
pepP,JW2876,M63,3
pepQ,JW3823,LB,3
pepQ,JW3823,M63,3
pepT,JW1113,LB,3
pepT,JW1113,M63,3
perR,JW0244,LB,3
perR,JW0244,M63,3
pfkA,JW3887,LB,3
pfkA,JW3887,M63,3
pfkB,JW5280,LB,3
pfkB,JW5280,M63,3
pflA,JW0885,LB,3
pflA,JW0885,M63,3
pflB,JW0886,LB,3
pflB,JW0886,M63,3
pflC,JW3924,LB,3
pflC,JW3924,M63,3
pflD,JW3923,LB,3
pflD,JW3923,M63,3
pfs,JW0155,LB,3
pfs,JW0155,M63,3
pgi,JW3985,LB,3
pgi,JW3985,M63,3
pgm,JW0675,LB,3
pgm,JW0675,M63,3
pgpA,JW0408,LB,3
pgpA,JW0408,M63,3
pgpB,JW1270,LB,3
pgpB,JW1270,M63,3
pheA,JW2580,LB,3
pheA,JW2580,M63,3
pheL,JW2579,LB,3
pheL,JW2579,M63,3
pheM,JW1705,LB,3
pheM,JW1705,M63,3
pheP,JW0565,LB,3
pheP,JW0565,M63,3
phnA,JW4069,LB,3
phnA,JW4069,M63,3
phnB,JW4068,LB,3
phnB,JW4068,M63,3
phnC,JW4067,LB,3
phnC,JW4067,M63,3
phnD,JW4066,LB,3
phnD,JW4066,M63,3
phnE,JW4065,LB,6
phnE,JW4065,M63,6
phnF,JW4063,LB,3
phnF,JW4063,M63,3
phnG,JW4062,LB,3
phnG,JW4062,M63,3
phnH,JW4061,LB,3
phnH,JW4061,M63,3
phnI,JW4060,LB,3
phnI,JW4060,M63,3
phnJ,JW4059,LB,3
phnJ,JW4059,M63,3
phnK,JW5727,LB,3
phnK,JW5727,M63,3
phnL,JW4057,LB,3
phnL,JW4057,M63,3
phnM,JW4056,LB,3
phnM,JW4056,M63,3
phnN,JW4055,LB,3
phnN,JW4055,M63,3
phnO,JW4054,LB,3
phnO,JW4054,M63,3
phnP,JW4053,LB,3
phnP,JW4053,M63,3
phoA,JW0374,LB,3
phoA,JW0374,M63,3
phoB,JW0389,LB,3
phoB,JW0389,M63,3
phoE,JW0231,LB,3
phoE,JW0231,M63,3
phoH,JW1005,LB,3
phoH,JW1005,M63,3
phoP,JW1116,LB,3
phoP,JW1116,M63,3
phoQ,JW1115,LB,3
phoQ,JW1115,M63,3
phoR,JW0390,LB,3
phoR,JW0390,M63,3
phoU,JW3702,LB,3
phoU,JW3702,M63,3
php,JW3342,LB,3
php,JW3342,M63,3
phr,JW0698,LB,3
phr,JW0698,M63,3
pin,JW1144,LB,3
pin,JW1144,M63,3
pinH,JW5423,LB,3
pinH,JW5423,M63,3
pinQ,JW1538,LB,3
pinQ,JW1538,M63,3
pinR,JW1368,LB,3
pinR,JW1368,M63,3
pioO,JW3284,LB,3
pioO,JW3284,M63,3
pitA,JW3460,LB,3
pitA,JW3460,M63,3
pitB,JW2955,LB,3
pitB,JW2955,M63,3
pldA,JW3794,LB,3
pldA,JW3794,M63,3
pldB,JW5584,LB,3
pldB,JW5584,M63,3
plsX,JW5156,LB,3
plsX,JW5156,M63,3
pmbA,JW4194,LB,3
pmbA,JW4194,M63,3
pmrD,JW2254,LB,3
pmrD,JW2254,M63,3
pncA,JW1757,LB,3
pncA,JW1757,M63,3
pncB,JW0914,LB,3
pncB,JW0914,M63,3
pnp,JW5851,LB,3
pnp,JW5851,M63,3
pntA,JW1595,LB,3
pntA,JW1595,M63,3
pntB,JW1594,LB,3
pntB,JW1594,M63,3
pnuC,JW0734,LB,3
pnuC,JW0734,M63,3
polA,JW3835,LB,3
polA,JW3835,M63,3
polB,JW0059,LB,3
polB,JW0059,M63,3
potA,JW1112,LB,3
potA,JW1112,M63,3
potB,JW1111,LB,3
potB,JW1111,M63,3
potC,JW1110,LB,3
potC,JW1110,M63,3
potD,JW1109,LB,3
potD,JW1109,M63,3
potE,JW0679,LB,3
potE,JW0679,M63,3
potF,JW0838,LB,3
potF,JW0838,M63,3
potG,JW5818,LB,3
potG,JW5818,M63,3
potH,JW0840,LB,3
potH,JW0840,M63,3
potI,JW0841,LB,3
potI,JW0841,M63,3
poxA,JW4116,LB,3
poxA,JW4116,M63,3
poxB,JW0855,LB,3
poxB,JW0855,M63,3
ppc,JW3928,LB,3
ppc,JW3928,M63,3
ppdA,JW2794,LB,3
ppdA,JW2794,M63,3
ppdB,JW5451,LB,3
ppdB,JW5451,M63,3
ppdC,JW2791,LB,3
ppdC,JW2791,M63,3
ppdD,JW0104,LB,3
ppdD,JW0104,M63,3
pphA,JW1827,LB,3
pphA,JW1827,M63,3
pphB,JW2704,LB,3
pphB,JW2704,M63,3
ppiA,JW3326,LB,3
ppiA,JW3326,M63,3
ppiB,JW0514,LB,3
ppiB,JW0514,M63,3
ppiC,JW3748,LB,3
ppiC,JW3748,M63,3
ppiD,JW0431,LB,3
ppiD,JW0431,M63,3
ppk,JW2486,LB,3
ppk,JW2486,M63,3
pppA,JW2939,LB,3
pppA,JW2939,M63,3
pps,JW1692,LB,3
pps,JW1692,M63,3
ppx,JW2487,LB,3
ppx,JW2487,M63,3
pqiA,JW0933,LB,3
pqiA,JW0933,M63,3
pqiB,JW0934,LB,3
pqiB,JW0934,M63,3
pqqL,JW1489,LB,3
pqqL,JW1489,M63,3
prc,JW1819,LB,3
prc,JW1819,M63,3
prfB,JW5847,LB,3
prfB,JW5847,M63,3
prfC,JW5873,LB,3
prfC,JW5873,M63,3
prfH,JW0226,LB,3
prfH,JW0226,M63,3
priA,JW3906,LB,3
priA,JW3906,M63,3
priB,JW4159,LB,3
priB,JW4159,M63,3
priC,JW0456,LB,3
priC,JW0456,M63,3
prkB,JW3318,LB,3
prkB,JW3318,M63,3
prlC,JW3465,LB,3
prlC,JW3465,M63,3
prmA,JW3227,LB,3
prmA,JW3227,M63,3
prmB,JW5841,LB,3
prmB,JW5841,M63,3
proA,JW0233,LB,3
proA,JW0233,M63,3
proB,JW0232,LB,3
proB,JW0232,M63,3
proC,JW0377,LB,3
proC,JW0377,M63,3
proP,JW4072,LB,3
proP,JW4072,M63,3
proQ,JW5300,LB,3
proQ,JW5300,M63,3
proV,JW2652,LB,3
proV,JW2652,M63,3
proW,JW2653,LB,3
proW,JW2653,M63,3
proX,JW2654,LB,3
proX,JW2654,M63,3
proY,JW5055,LB,3
proY,JW5055,M63,3
prpB,JW0323,LB,3
prpB,JW0323,M63,3
prpC,JW0324,LB,3
prpC,JW0324,M63,3
prpD,JW0325,LB,3
prpD,JW0325,M63,3
prpE,JW0326,LB,3
prpE,JW0326,M63,3
prpR,JW0322,LB,3
prpR,JW0322,M63,3
psiF,JW5054,LB,3
psiF,JW5054,M63,3
pspA,JW1297,LB,3
pspA,JW1297,M63,3
pspB,JW1298,LB,3
pspB,JW1298,M63,3
pspC,JW1299,LB,3
pspC,JW1299,M63,3
pspD,JW1300,LB,3
pspD,JW1300,M63,3
pspE,JW1301,LB,3
pspE,JW1301,M63,3
pspF,JW1296,LB,3
pspF,JW1296,M63,3
pstA,JW3704,LB,3
pstA,JW3704,M63,3
pstB,JW3703,LB,3
pstB,JW3703,M63,3
pstC,JW3705,LB,3
pstC,JW3705,M63,3
pstS,JW3706,LB,3
pstS,JW3706,M63,3
pta,JW2294,LB,3
pta,JW2294,M63,3
ptr,JW2789,LB,3
ptr,JW2789,M63,3
ptrB,JW1834,LB,3
ptrB,JW1834,M63,3
ptsA,JW5555,LB,3
ptsA,JW5555,M63,3
ptsG,JW1087,LB,3
ptsG,JW1087,M63,3
ptsH,JW2408,LB,3
ptsH,JW2408,M63,3
ptsI,JW2409,LB,3
ptsI,JW2409,M63,3
ptsN,JW3171,LB,3
ptsN,JW3171,M63,3
ptsP,JW2797,LB,3
ptsP,JW2797,M63,3
purA,JW4135,LB,3
purA,JW4135,M63,3
purC,JW2461,LB,3
purC,JW2461,M63,3
purD,JW3969,LB,3
purD,JW3969,M63,3
purE,JW0512,LB,3
purE,JW0512,M63,3
purF,JW2309,LB,3
purF,JW2309,M63,3
purH,JW3970,LB,3
purH,JW3970,M63,3
purK,JW0511,LB,3
purK,JW0511,M63,3
purL,JW2541,LB,3
purL,JW2541,M63,3
purM,JW2484,LB,3
purM,JW2484,M63,3
purN,JW2485,LB,3
purN,JW2485,M63,3
purR,JW1650,LB,3
purR,JW1650,M63,3
purT,JW1838,LB,3
purT,JW1838,M63,3
purU,JW1220,LB,3
purU,JW1220,M63,3
putA,JW0999,LB,3
putA,JW0999,M63,3
putP,JW1001,LB,3
putP,JW1001,M63,3
puuA,JW5201,LB,3
puuA,JW5201,M63,3
puuB,JW1294,LB,3
puuB,JW1294,M63,3
puuC,JW1293,LB,3
puuC,JW1293,M63,3
puuD,JW1291,LB,3
puuD,JW1291,M63,3
puuE,JW1295,LB,3
puuE,JW1295,M63,3
puuP,JW1289,LB,3
puuP,JW1289,M63,3
puuR,JW1292,LB,3
puuR,JW1292,M63,3
pykA,JW1843,LB,3
pykA,JW1843,M63,3
pykF,JW1666,LB,3
pykF,JW1666,M63,3
pyrB,JW4204,LB,3
pyrB,JW4204,M63,3
pyrC,JW1049,LB,3
pyrC,JW1049,M63,3
pyrD,JW0928,LB,3
pyrD,JW0928,M63,3
pyrE,JW3617,LB,3
pyrE,JW3617,M63,3
pyrF,JW1273,LB,3
pyrF,JW1273,M63,3
pyrI,JW4203,LB,3
pyrI,JW4203,M63,3
pyrL,JW4205,LB,3
pyrL,JW4205,M63,3
qor,JW4011,LB,3
qor,JW4011,M63,3
qseB,JW2993,LB,3
qseB,JW2993,M63,3
qseC,JW2994,LB,3
qseC,JW2994,M63,3
queA,JW0395,LB,3
queA,JW0395,M63,3
racC,JW1345,LB,3
racC,JW1345,M63,3
radA,JW4352,LB,3
radA,JW4352,M63,3
rarA,JW0994,LB,3
rarA,JW0994,M63,3
rarD,JW5589,LB,3
rarD,JW5589,M63,3
rbbA,JW5676,LB,3
rbbA,JW5676,M63,3
rbfA,JW3136,LB,3
rbfA,JW3136,M63,3
rbn,JW3857,LB,3
rbn,JW3857,M63,3
rbsA,JW3728,LB,3
rbsA,JW3728,M63,3
rbsB,JW3730,LB,3
rbsB,JW3730,M63,3
rbsC,JW3729,LB,3
rbsC,JW3729,M63,3
rbsD,JW5857,LB,3
rbsD,JW5857,M63,3
rbsK,JW3731,LB,3
rbsK,JW3731,M63,3
rbsR,JW3732,LB,3
rbsR,JW3732,M63,3
rcsA,JW1935,LB,3
rcsA,JW1935,M63,3
rcsB,JW2205,LB,3
rcsB,JW2205,M63,3
rcsC,JW5917,LB,3
rcsC,JW5917,M63,3
rcsD,JW2204,LB,3
rcsD,JW2204,M63,3
rcsF,JW0192,LB,3
rcsF,JW0192,M63,3
rdgC,JW0384,LB,3
rdgC,JW0384,M63,3
recA,JW2669,LB,3
recA,JW2669,M63,3
recB,JW2788,LB,3
recB,JW2788,M63,3
recC,JW2790,LB,3
recC,JW2790,M63,3
recD,JW2787,LB,3
recD,JW2787,M63,3
recE,JW1344,LB,3
recE,JW1344,M63,3
recF,JW3677,LB,3
recF,JW3677,M63,3
recG,JW3627,LB,3
recG,JW3627,M63,3
recJ,JW2860,LB,3
recJ,JW2860,M63,3
recN,JW5416,LB,3
recN,JW5416,M63,3
recO,JW2549,LB,3
recO,JW2549,M63,3
recQ,JW5855,LB,3
recQ,JW5855,M63,3
recR,JW0461,LB,3
recR,JW0461,M63,3
recT,JW1343,LB,3
recT,JW1343,M63,3
recX,JW2668,LB,3
recX,JW2668,M63,3
relA,JW2755,LB,3
relA,JW2755,M63,3
relB,JW1556,LB,3
relB,JW1556,M63,3
relE,JW1555,LB,3
relE,JW1555,M63,3
rem,JW1553,LB,3
rem,JW1553,M63,3
renD,JW0530,LB,3
renD,JW0530,M63,3
rep,JW5604,LB,3
rep,JW5604,M63,3
rfaB,JW3603,LB,3
rfaB,JW3603,M63,3
rfaC,JW3596,LB,3
rfaC,JW3596,M63,3
rfaD,JW3594,LB,3
rfaD,JW3594,M63,3
rfaE,JW3024,LB,3
rfaE,JW3024,M63,3
rfaF,JW3595,LB,3
rfaF,JW3595,M63,3
rfaG,JW3606,LB,3
rfaG,JW3606,M63,3
rfaH,JW3818,LB,3
rfaH,JW3818,M63,3
rfaI,JW3602,LB,3
rfaI,JW3602,M63,3
rfaJ,JW3601,LB,3
rfaJ,JW3601,M63,3
rfaL,JW3597,LB,3
rfaL,JW3597,M63,3
rfaP,JW3605,LB,3
rfaP,JW3605,M63,3
rfaQ,JW3607,LB,3
rfaQ,JW3607,M63,3
rfaS,JW3604,LB,3
rfaS,JW3604,M63,3
rfaY,JW3600,LB,3
rfaY,JW3600,M63,3
rfaZ,JW3599,LB,3
rfaZ,JW3599,M63,3
rfbA,JW2024,LB,3
rfbA,JW2024,M63,3
rfbB,JW2026,LB,3
rfbB,JW2026,M63,3
rfbC,JW2023,LB,3
rfbC,JW2023,M63,3
rfbD,JW2025,LB,3
rfbD,JW2025,M63,3
rfbX,JW2022,LB,3
rfbX,JW2022,M63,3
rfe,JW3758,LB,3
rfe,JW3758,M63,3
rffA,JW3765,LB,3
rffA,JW3765,M63,3
rffC,JW5597,LB,3
rffC,JW5597,M63,3
rffD,JW5599,LB,3
rffD,JW5599,M63,3
rffE,JW5600,LB,3
rffE,JW5600,M63,3
rffG,JW5598,LB,3
rffG,JW5598,M63,3
rffH,JW3763,LB,3
rffH,JW3763,M63,3
rffM,JW3770,LB,3
rffM,JW3770,M63,3
rffT,JW5596,LB,3
rffT,JW5596,M63,3
rhaR,JW3877,LB,3
rhaR,JW3877,M63,3
rhaS,JW3876,LB,3
rhaS,JW3876,M63,3
rhaT,JW3878,LB,3
rhaT,JW3878,M63,3
rhlB,JW3753,LB,3
rhlB,JW3753,M63,3
rhlE,JW0781,LB,3
rhlE,JW0781,M63,3
rho,JW3756,LB,3
rho,JW3756,M63,3
rhoL,JW3755,LB,3
rhoL,JW3755,M63,3
rhsA,JW3566,LB,3
rhsA,JW3566,M63,3
rhsB,JW5679,LB,3
rhsB,JW5679,M63,3
rhsC,JW0689,LB,3
rhsC,JW0689,M63,3
rhsD,JW0486,LB,3
rhsD,JW0486,M63,3
rhsE,JW1451,LB,3
rhsE,JW1451,M63,3
rhtA,JW0798,LB,3
rhtA,JW0798,M63,3
rhtB,JW5585,LB,3
rhtB,JW5585,M63,3
rhtC,JW5586,LB,3
rhtC,JW5586,M63,3
rihA,JW0646,LB,3
rihA,JW0646,M63,3
rihB,JW2149,LB,3
rihB,JW2149,M63,3
rihC,JW0028,LB,3
rihC,JW0028,M63,3
rimI,JW4335,LB,3
rimI,JW4335,M63,3
rimJ,JW1053,LB,3
rimJ,JW1053,M63,3
rimK,JW0836,LB,3
rimK,JW0836,M63,3
rimL,JW1423,LB,3
rimL,JW1423,M63,3
rimM,JW5413,LB,3
rimM,JW5413,M63,3
rlmB,JW4138,LB,3
rlmB,JW4138,M63,3
rlpA,JW0628,LB,3
rlpA,JW0628,M63,3
rluA,JW0057,LB,3
rluA,JW0057,M63,3
rluB,JW1261,LB,3
rluB,JW1261,M63,3
rluC,JW1072,LB,3
rluC,JW1072,M63,3
rluD,JW2576,LB,3
rluD,JW2576,M63,3
rmf,JW0936,LB,3
rmf,JW0936,M63,3
rmuC,JW3809,LB,3
rmuC,JW3809,M63,3
rna,JW0603,LB,3
rna,JW0603,M63,3
rnb,JW1279,LB,3
rnb,JW1279,M63,3
rnd,JW1793,LB,3
rnd,JW1793,M63,3
rng,JW3216,LB,3
rng,JW3216,M63,3
rnhA,JW0204,LB,3
rnhA,JW0204,M63,3
rnhB,JW0178,LB,3
rnhB,JW0178,M63,3
rnk,JW0602,LB,3
rnk,JW0602,M63,3
rnr,JW5741,LB,3
rnr,JW5741,M63,3
rnt,JW1644,LB,3
rnt,JW1644,M63,3
rob,JW4359,LB,3
rob,JW4359,M63,3
rof,JW0184,LB,3
rof,JW0184,M63,3
rpe,JW3349,LB,3
rpe,JW3349,M63,3
rph,JW3618,LB,3
rph,JW3618,M63,3
rpiA,JW5475,LB,3
rpiA,JW5475,M63,3
rpiB,JW4051,LB,3
rpiB,JW4051,M63,3
rpiR,JW4050,LB,3
rpiR,JW4050,M63,3
rplA,JW3947,LB,3
rplA,JW3947,M63,3
rplI,JW4161,LB,3
rplI,JW4161,M63,3
rplK,JW3946,LB,3
rplK,JW3946,M63,3
rplY,JW2173,LB,3
rplY,JW2173,M63,3
rpmE,JW3907,LB,3
rpmE,JW3907,M63,3
rpmF,JW1075,LB,3
rpmF,JW1075,M63,3
rpmG,JW3611,LB,3
rpmG,JW3611,M63,3
rpmI,JW1707,LB,3
rpmI,JW1707,M63,3
rpmJ,JW3261,LB,3
rpmJ,JW3261,M63,3
rpoD,JW3039,LB,3
rpoD,JW3039,M63,3
rpoN,JW3169,LB,3
rpoN,JW3169,M63,3
rpoS,JW5437,LB,3
rpoS,JW5437,M63,3
rpoZ,JW3624,LB,3
rpoZ,JW3624,M63,3
rpsF,JW4158,LB,3
rpsF,JW4158,M63,3
rpsO,JW3134,LB,3
rpsO,JW3134,M63,3
rpsT,JW0022,LB,3
rpsT,JW0022,M63,3
rpsU,JW3037,LB,3
rpsU,JW3037,M63,3
rraA,JW3900,LB,3
rraA,JW3900,M63,3
rrmA,JW1811,LB,3
rrmA,JW1811,M63,3
rrmJ,JW3146,LB,3
rrmJ,JW3146,M63,3
rsd,JW3959,LB,3
rsd,JW3959,M63,3
rseA,JW2556,LB,3
rseA,JW2556,M63,3
rseB,JW2555,LB,3
rseB,JW2555,M63,3
rseC,JW2554,LB,3
rseC,JW2554,M63,3
rsgA,JW4122,LB,3
rsgA,JW4122,M63,3
rsmB,JW3250,LB,3
rsmB,JW3250,M63,3
rsmC,JW4333,LB,3
rsmC,JW4333,M63,3
rspA,JW1573,LB,3
rspA,JW1573,M63,3
rspB,JW1572,LB,3
rspB,JW1572,M63,3
rssA,JW1222,LB,3
rssA,JW1222,M63,3
rssB,JW1223,LB,3
rssB,JW1223,M63,3
rstA,JW1600,LB,3
rstA,JW1600,M63,3
rstB,JW1601,LB,3
rstB,JW1601,M63,3
rsuA,JW2171,LB,3
rsuA,JW2171,M63,3
rsxA,JW1619,LB,3
rsxA,JW1619,M63,3
rsxB,JW1620,LB,3
rsxB,JW1620,M63,3
rsxC,JW1621,LB,3
rsxC,JW1621,M63,3
rsxD,JW1622,LB,3
rsxD,JW1622,M63,3
rsxE,JW1624,LB,3
rsxE,JW1624,M63,3
rsxG,JW1623,LB,3
rsxG,JW1623,M63,3
rtcA,JW5688,LB,3
rtcA,JW5688,M63,3
rtcB,JW3384,LB,3
rtcB,JW3384,M63,3
rtcR,JW3385,LB,3
rtcR,JW3385,M63,3
rtn,JW2164,LB,3
rtn,JW2164,M63,3
rumA,JW2756,LB,3
rumA,JW2756,M63,3
rumB,JW0843,LB,3
rumB,JW0843,M63,3
rusA,JW0538,LB,3
rusA,JW0538,M63,3
ruvA,JW1850,LB,3
ruvA,JW1850,M63,3
ruvB,JW1849,LB,3
ruvB,JW1849,M63,3
ruvC,JW1852,LB,3
ruvC,JW1852,M63,3
rzoD,JW5080,LB,3
rzoD,JW5080,M63,3
rzoR,JW5213,LB,3
rzoR,JW5213,M63,3
rzpD,JW5079,LB,3
rzpD,JW5079,M63,3
rzpR,JW5212,LB,3
rzpR,JW5212,M63,3
sanA,JW2132,LB,3
sanA,JW2132,M63,3
sapA,JW1287,LB,3
sapA,JW1287,M63,3
sapB,JW1286,LB,3
sapB,JW1286,M63,3
sapC,JW1285,LB,3
sapC,JW1285,M63,3
sapD,JW1284,LB,3
sapD,JW1284,M63,3
sapF,JW1283,LB,3
sapF,JW1283,M63,3
sbcB,JW1993,LB,3
sbcB,JW1993,M63,3
sbcC,JW0387,LB,3
sbcC,JW0387,M63,3
sbcD,JW0388,LB,3
sbcD,JW0388,M63,3
sbmA,JW0368,LB,3
sbmA,JW0368,M63,3
sbmC,JW1991,LB,3
sbmC,JW1991,M63,3
sbp,JW3888,LB,3
sbp,JW3888,M63,3
sdaA,JW1803,LB,3
sdaA,JW1803,M63,3
sdaB,JW2768,LB,3
sdaB,JW2768,M63,3
sdaC,JW2767,LB,3
sdaC,JW2767,M63,3
sdhA,JW0713,LB,3
sdhA,JW0713,M63,3
sdhB,JW0714,LB,3
sdhB,JW0714,M63,3
sdhC,JW0711,LB,3
sdhC,JW0711,M63,3
sdhD,JW0712,LB,3
sdhD,JW0712,M63,3
sdiA,JW1901,LB,3
sdiA,JW1901,M63,3
secB,JW3584,LB,3
secB,JW3584,M63,3
secG,JW3142,LB,3
secG,JW3142,M63,3
selA,JW3564,LB,3
selA,JW3564,M63,3
selB,JW3563,LB,3
selB,JW3563,M63,3
selD,JW1753,LB,3
selD,JW1753,M63,3
seqA,JW0674,LB,3
seqA,JW0674,M63,3
serA,JW2880,LB,3
serA,JW2880,M63,3
serB,JW4351,LB,3
serB,JW4351,M63,3
serC,JW0890,LB,3
serC,JW0890,M63,3
setA,JW0069,LB,3
setA,JW0069,M63,3
setB,JW2157,LB,3
setB,JW2157,M63,3
setC,JW3633,LB,3
setC,JW3633,M63,3
sfcA,JW5238,LB,3
sfcA,JW5238,M63,3
sfmA,JW0519,LB,3
sfmA,JW0519,M63,3
sfmC,JW0520,LB,3
sfmC,JW0520,M63,3
sfmD,JW0521,LB,3
sfmD,JW0521,M63,3
sfmF,JW5072,LB,3
sfmF,JW5072,M63,3
sfmH,JW5071,LB,3
sfmH,JW5071,M63,3
sfsA,JW0142,LB,3
sfsA,JW0142,M63,3
sfsB,JW3155,LB,3
sfsB,JW3155,M63,3
sgbE,JW3555,LB,3
sgbE,JW3555,M63,3
sgbH,JW3553,LB,3
sgbH,JW3553,M63,3
sgbU,JW5650,LB,3
sgbU,JW5650,M63,3
sgcA,JW4264,LB,3
sgcA,JW4264,M63,3
sgcB,JW5967,LB,3
sgcB,JW5967,M63,3
sgcC,JW4266,LB,3
sgcC,JW4266,M63,3
sgcE,JW4263,LB,3
sgcE,JW4263,M63,3
sgcQ,JW4265,LB,3
sgcQ,JW4265,M63,3
sgcR,JW4262,LB,3
sgcR,JW4262,M63,3
sgcX,JW5776,LB,3
sgcX,JW5776,M63,3
sgrR,JW0068,LB,3
sgrR,JW0068,M63,3
shiA,JW1962,LB,3
shiA,JW1962,M63,3
sieB,JW5209,LB,3
sieB,JW5209,M63,3
sixA,JW2337,LB,3
sixA,JW2337,M63,3
slp,JW3474,LB,3
slp,JW3474,M63,3
slt,JW4355,LB,3
slt,JW4355,M63,3
slyA,JW5267,LB,3
slyA,JW5267,M63,3
slyB,JW1633,LB,3
slyB,JW1633,M63,3
slyD,JW3311,LB,3
slyD,JW3311,M63,3
slyX,JW3310,LB,3
slyX,JW3310,M63,3
smf,JW5708,LB,3
smf,JW5708,M63,3
smg,JW3245,LB,3
smg,JW3245,M63,3
smpA,JW2598,LB,3
smpA,JW2598,M63,3
smpB,JW2601,LB,3
smpB,JW2601,M63,3
smtA,JW0904,LB,3
smtA,JW0904,M63,3
sodA,JW3879,LB,3
sodA,JW3879,M63,3
sodB,JW1648,LB,3
sodB,JW1648,M63,3
sodC,JW1638,LB,3
sodC,JW1638,M63,3
sohA,JW3098,LB,3
sohA,JW3098,M63,3
sohB,JW1264,LB,3
sohB,JW1264,M63,3
solA,JW1046,LB,3
solA,JW1046,M63,3
soxR,JW4024,LB,3
soxR,JW4024,M63,3
soxS,JW4023,LB,3
soxS,JW4023,M63,3
speA,JW2905,LB,3
speA,JW2905,M63,3
speB,JW2904,LB,3
speB,JW2904,M63,3
speC,JW5482,LB,3
speC,JW5482,M63,3
speD,JW0116,LB,3
speD,JW0116,M63,3
speE,JW0117,LB,3
speE,JW0117,M63,3
speF,JW0680,LB,3
speF,JW0680,M63,3
speG,JW1576,LB,3
speG,JW1576,M63,3
sppA,JW1755,LB,3
sppA,JW1755,M63,3
spr,JW2163,LB,3
spr,JW2163,M63,3
sprT,JW2911,LB,3
sprT,JW2911,M63,3
spy,JW1732,LB,3
spy,JW1732,M63,3
sra,JW5962,LB,3
sra,JW5962,M63,3
srlA,JW5429,LB,3
srlA,JW5429,M63,3
srlB,JW2673,LB,3
srlB,JW2673,M63,3
srlD,JW2674,LB,3
srlD,JW2674,M63,3
srlE,JW5430,LB,3
srlE,JW5430,M63,3
srlR,JW2676,LB,3
srlR,JW2676,M63,3
srmB,JW2560,LB,3
srmB,JW2560,M63,3
sseA,JW2505,LB,3
sseA,JW2505,M63,3
sseB,JW5404,LB,3
sseB,JW5404,M63,3
ssnA,JW2847,LB,3
ssnA,JW2847,M63,3
sspA,JW3198,LB,3
sspA,JW3198,M63,3
sspB,JW3197,LB,3
sspB,JW3197,M63,3
sstT,JW3060,LB,3
sstT,JW3060,M63,3
ssuA,JW0919,LB,3
ssuA,JW0919,M63,3
ssuB,JW0916,LB,3
ssuB,JW0916,M63,3
ssuC,JW5121,LB,3
ssuC,JW5121,M63,3
ssuD,JW0918,LB,3
ssuD,JW0918,M63,3
ssuE,JW0920,LB,3
ssuE,JW0920,M63,3
stfE,JW5172,LB,3
stfE,JW5172,M63,3
stfQ,JW1540,LB,3
stfQ,JW1540,M63,3
stfR,JW1366,LB,3
stfR,JW1366,M63,3
sthA,JW5551,LB,3
sthA,JW5551,M63,3
stpA,JW2644,LB,3
stpA,JW2644,M63,3
sucA,JW0715,LB,3
sucA,JW0715,M63,3
sucB,JW0716,LB,3
sucB,JW0716,M63,3
sucC,JW0717,LB,3
sucC,JW0717,M63,3
sucD,JW0718,LB,3
sucD,JW0718,M63,3
sufA,JW1674,LB,3
sufA,JW1674,M63,3
sufB,JW5273,LB,3
sufB,JW5273,M63,3
sufC,JW1672,LB,3
sufC,JW1672,M63,3
sufD,JW1671,LB,3
sufD,JW1671,M63,3
sufE,JW1669,LB,3
sufE,JW1669,M63,3
sufI,JW2985,LB,3
sufI,JW2985,M63,3
sufS,JW1670,LB,3
sufS,JW1670,M63,3
sugE,JW5738,LB,3
sugE,JW5738,M63,3
sulA,JW0941,LB,3
sulA,JW0941,M63,3
surA,JW0052,LB,3
surA,JW0052,M63,3
surE,JW2714,LB,3
surE,JW2714,M63,3
syd,JW2764,LB,3
syd,JW2764,M63,3
tag,JW3518,LB,3
tag,JW3518,M63,3
talA,JW2448,LB,3
talA,JW2448,M63,3
talB,JW0007,LB,3
talB,JW0007,M63,3
tam,JW1512,LB,3
tam,JW1512,M63,3
tap,JW1874,LB,3
tap,JW1874,M63,3
tar,JW1875,LB,3
tar,JW1875,M63,3
tas,JW2802,LB,3
tas,JW2802,M63,3
tatA,JW3813,LB,3
tatA,JW3813,M63,3
tatB,JW5580,LB,3
tatB,JW5580,M63,3
tatC,JW3815,LB,3
tatC,JW3815,M63,3
tatD,JW5931,LB,3
tatD,JW5931,M63,3
tatE,JW0622,LB,3
tatE,JW0622,M63,3
tauA,JW0357,LB,3
tauA,JW0357,M63,3
tauB,JW0358,LB,3
tauB,JW0358,M63,3
tauC,JW0359,LB,3
tauC,JW0359,M63,3
tauD,JW0360,LB,3
tauD,JW0360,M63,3
tbpA,JW0067,LB,3
tbpA,JW0067,M63,3
tdcA,JW3089,LB,3
tdcA,JW3089,M63,3
tdcB,JW3088,LB,3
tdcB,JW3088,M63,3
tdcC,JW3087,LB,3
tdcC,JW3087,M63,3
tdcD,JW5806,LB,3
tdcD,JW5806,M63,3
tdcE,JW5522,LB,3
tdcE,JW5522,M63,3
tdcG,JW5520,LB,3
tdcG,JW5520,M63,3
tdcR,JW5525,LB,3
tdcR,JW5525,M63,3
tdh,JW3591,LB,3
tdh,JW3591,M63,3
tdk,JW1226,LB,3
tdk,JW1226,M63,3
tehA,JW1425,LB,3
tehA,JW1425,M63,3
tehB,JW1426,LB,3
tehB,JW1426,M63,3
tesA,JW0483,LB,3
tesA,JW0483,M63,3
tesB,JW0442,LB,3
tesB,JW0442,M63,3
tfaD,JW5815,LB,3
tfaD,JW5815,M63,3
tfaE,JW1142,LB,3
tfaE,JW1142,M63,3
tfaQ,JW1539,LB,3
tfaQ,JW1539,M63,3
tfaR,JW1367,LB,3
tfaR,JW1367,M63,3
tfaS,JW5383,LB,3
tfaS,JW5383,M63,3
tgt,JW0396,LB,3
tgt,JW0396,M63,3
thiC,JW3958,LB,3
thiC,JW3958,M63,3
thiD,JW2090,LB,3
thiD,JW2090,M63,3
thiE,JW3957,LB,3
thiE,JW3957,M63,3
thiF,JW3956,LB,3
thiF,JW3956,M63,3
thiG,JW5549,LB,3
thiG,JW5549,M63,3
thiH,JW3953,LB,3
thiH,JW3953,M63,3
thiI,JW0413,LB,3
thiI,JW0413,M63,3
thiM,JW2091,LB,3
thiM,JW2091,M63,3
thiP,JW0066,LB,3
thiP,JW0066,M63,3
thiQ,JW0065,LB,3
thiQ,JW0065,M63,3
thiS,JW3955,LB,3
thiS,JW3955,M63,3
thrA,JW0001,LB,3
thrA,JW0001,M63,3
thrB,JW0002,LB,3
thrB,JW0002,M63,3
thrC,JW0003,LB,3
thrC,JW0003,M63,3
thrL,JW4367,LB,3
thrL,JW4367,M63,3
thyA,JW2795,LB,3
thyA,JW2795,M63,3
tiaE,JW5656,LB,3
tiaE,JW5656,M63,3
tig,JW0426,LB,3
tig,JW0426,M63,3
tktA,JW5478,LB,3
tktA,JW5478,M63,3
tktB,JW2449,LB,3
tktB,JW2449,M63,3
tldD,JW3213,LB,3
tldD,JW3213,M63,3
tnaA,JW3686,LB,3
tnaA,JW3686,M63,3
tnaB,JW5619,LB,3
tnaB,JW5619,M63,3
tnaC,JW3685,LB,3
tnaC,JW3685,M63,3
tolA,JW0729,LB,3
tolA,JW0729,M63,3
tolB,JW5100,LB,3
tolB,JW5100,M63,3
tolC,JW5503,LB,3
tolC,JW5503,M63,3
tolQ,JW0727,LB,3
tolQ,JW0727,M63,3
tolR,JW0728,LB,3
tolR,JW0728,M63,3
tonB,JW5195,LB,3
tonB,JW5195,M63,3
topB,JW1752,LB,3
topB,JW1752,M63,3
torA,JW0982,LB,3
torA,JW0982,M63,3
torC,JW0981,LB,3
torC,JW0981,M63,3
torD,JW0983,LB,3
torD,JW0983,M63,3
torI,JW5387,LB,3
torI,JW5387,M63,3
torR,JW0980,LB,3
torR,JW0980,M63,3
torS,JW5135,LB,3
torS,JW5135,M63,3
torT,JW0979,LB,3
torT,JW0979,M63,3
torY,JW1862,LB,3
torY,JW1862,M63,3
torZ,JW1861,LB,3
torZ,JW1861,M63,3
tpiA,JW3890,LB,3
tpiA,JW3890,M63,3
tpr,JW1219,LB,3
tpr,JW1219,M63,3
tpx,JW1317,LB,3
tpx,JW1317,M63,3
treA,JW1186,LB,3
treA,JW1186,M63,3
treB,JW4199,LB,3
treB,JW4199,M63,3
treC,JW4198,LB,3
treC,JW4198,M63,3
treF,JW3487,LB,3
treF,JW3487,M63,3
treR,JW4200,LB,3
treR,JW4200,M63,3
trg,JW1417,LB,3
trg,JW1417,M63,3
trkA,JW3251,LB,3
trkA,JW3251,M63,3
trkD,JW5609,LB,3
trkD,JW5609,M63,3
trkG,JW1358,LB,3
trkG,JW1358,M63,3
trkH,JW5576,LB,3
trkH,JW5576,M63,3
trmA,JW3937,LB,3
trmA,JW3937,M63,3
trmC,JW5380,LB,3
trmC,JW5380,M63,3
trmE,JW3684,LB,3
trmE,JW3684,M63,3
trmH,JW3626,LB,3
trmH,JW3626,M63,3
trmU,JW1119,LB,3
trmU,JW1119,M63,3
trpA,JW1252,LB,3
trpA,JW1252,M63,3
trpB,JW1253,LB,3
trpB,JW1253,M63,3
trpC,JW1254,LB,3
trpC,JW1254,M63,3
trpD,JW1255,LB,3
trpD,JW1255,M63,3
trpE,JW1256,LB,3
trpE,JW1256,M63,3
trpL,JW1257,LB,3
trpL,JW1257,M63,3
trpR,JW4356,LB,3
trpR,JW4356,M63,3
truA,JW2315,LB,3
truA,JW2315,M63,3
truB,JW3135,LB,3
truB,JW3135,M63,3
truD,JW2715,LB,3
truD,JW2715,M63,3
trxA,JW5856,LB,3
trxA,JW5856,M63,3
trxB,JW0871,LB,3
trxB,JW0871,M63,3
trxC,JW2566,LB,3
trxC,JW2566,M63,3
tsgA,JW3327,LB,3
tsgA,JW3327,M63,3
tsr,JW4318,LB,3
tsr,JW4318,M63,3
tsx,JW0401,LB,3
tsx,JW0401,M63,3
ttdA,JW3033,LB,3
ttdA,JW3033,M63,3
ttdB,JW3034,LB,3
ttdB,JW3034,M63,3
ttk,JW5641,LB,3
ttk,JW5641,M63,3
tufA,JW3301,LB,3
tufA,JW3301,M63,3
tufB,JW3943,LB,3
tufB,JW3943,M63,3
tus,JW1602,LB,3
tus,JW1602,M63,3
tynA,JW1381,LB,3
tynA,JW1381,M63,3
tyrA,JW2581,LB,3
tyrA,JW2581,M63,3
tyrB,JW4014,LB,3
tyrB,JW4014,M63,3
tyrP,JW1895,LB,3
tyrP,JW1895,M63,3
tyrR,JW1316,LB,3
tyrR,JW1316,M63,3
ubiC,JW5713,LB,3
ubiC,JW5713,M63,3
ubiE,JW5581,LB,3
ubiE,JW5581,M63,3
ubiF,JW0659,LB,3
ubiF,JW0659,M63,3
ubiG,JW2226,LB,3
ubiG,JW2226,M63,3
ubiH,JW2875,LB,3
ubiH,JW2875,M63,3
ubiX,JW2308,LB,3
ubiX,JW2308,M63,3
ucpA,JW5394,LB,3
ucpA,JW5394,M63,3
udk,JW2051,LB,3
udk,JW2051,M63,3
udp,JW3808,LB,3
udp,JW3808,M63,3
ugd,JW2010,LB,3
ugd,JW2010,M63,3
ugpA,JW3417,LB,3
ugpA,JW3417,M63,3
ugpB,JW3418,LB,3
ugpB,JW3418,M63,3
ugpC,JW3415,LB,3
ugpC,JW3415,M63,3
ugpE,JW3416,LB,3
ugpE,JW3416,M63,3
ugpQ,JW3414,LB,3
ugpQ,JW3414,M63,3
uhpA,JW3644,LB,3
uhpA,JW3644,M63,3
uhpB,JW3643,LB,3
uhpB,JW3643,M63,3
uhpC,JW3642,LB,3
uhpC,JW3642,M63,3
uhpT,JW3641,LB,3
uhpT,JW3641,M63,3
uidA,JW1609,LB,3
uidA,JW1609,M63,3
uidB,JW1608,LB,3
uidB,JW1608,M63,3
uidC,JW1607,LB,3
uidC,JW1607,M63,3
uidR,JW1610,LB,3
uidR,JW1610,M63,3
ulaA,JW5744,LB,3
ulaA,JW5744,M63,3
ulaB,JW4152,LB,3
ulaB,JW4152,M63,3
ulaC,JW4153,LB,3
ulaC,JW4153,M63,3
ulaD,JW4154,LB,3
ulaD,JW4154,M63,3
ulaE,JW4155,LB,3
ulaE,JW4155,M63,3
ulaF,JW4156,LB,3
ulaF,JW4156,M63,3
ulaG,JW5868,LB,3
ulaG,JW5868,M63,3
ulaR,JW4149,LB,3
ulaR,JW4149,M63,3
umuC,JW1173,LB,3
umuC,JW1173,M63,3
umuD,JW1172,LB,3
umuD,JW1172,M63,3
ung,JW2564,LB,3
ung,JW2564,M63,3
upp,JW2483,LB,3
upp,JW2483,M63,3
uraA,JW2482,LB,3
uraA,JW2482,M63,3
usg,JW2316,LB,3
usg,JW2316,M63,3
ushA,JW0469,LB,3
ushA,JW0469,M63,3
uspA,JW3462,LB,3
uspA,JW3462,M63,3
uspE,JW1327,LB,3
uspE,JW1327,M63,3
uspF,JW1370,LB,3
uspF,JW1370,M63,3
uspG,JW0600,LB,3
uspG,JW0600,M63,3
uup,JW0932,LB,3
uup,JW0932,M63,3
uvrA,JW4019,LB,3
uvrA,JW4019,M63,3
uvrB,JW0762,LB,3
uvrB,JW0762,M63,3
uvrC,JW1898,LB,3
uvrC,JW1898,M63,3
uvrD,JW3786,LB,3
uvrD,JW3786,M63,3
uvrY,JW1899,LB,3
uvrY,JW1899,M63,3
uxaA,JW3062,LB,3
uxaA,JW3062,M63,3
uxaB,JW1514,LB,3
uxaB,JW1514,M63,3
uxaC,JW3063,LB,3
uxaC,JW3063,M63,3
uxuA,JW4285,LB,3
uxuA,JW4285,M63,3
uxuB,JW4286,LB,3
uxuB,JW4286,M63,3
uxuR,JW4287,LB,3
uxuR,JW4287,M63,3
vacJ,JW2343,LB,3
vacJ,JW2343,M63,3
visC,JW2874,LB,3
visC,JW2874,M63,3
vsr,JW1943,LB,3
vsr,JW1943,M63,3
wbbH,JW2020,LB,3
wbbH,JW2020,M63,3
wbbI,JW2019,LB,3
wbbI,JW2019,M63,3
wbbJ,JW2018,LB,3
wbbJ,JW2018,M63,3
wbbK,JW2017,LB,3
wbbK,JW2017,M63,3
wbbL,JW2012,LB,6
wbbL,JW2012,M63,6
wcaA,JW2044,LB,3
wcaA,JW2044,M63,3
wcaB,JW2043,LB,3
wcaB,JW2043,M63,3
wcaC,JW2042,LB,3
wcaC,JW2042,M63,3
wcaD,JW2041,LB,3
wcaD,JW2041,M63,3
wcaE,JW2040,LB,3
wcaE,JW2040,M63,3
wcaF,JW2039,LB,3
wcaF,JW2039,M63,3
wcaI,JW2035,LB,3
wcaI,JW2035,M63,3
wcaJ,JW2032,LB,3
wcaJ,JW2032,M63,3
wcaK,JW2030,LB,3
wcaK,JW2030,M63,3
wcaL,JW2029,LB,3
wcaL,JW2029,M63,3
wcaM,JW2028,LB,3
wcaM,JW2028,M63,3
wrbA,JW0989,LB,3
wrbA,JW0989,M63,3
wza,JW2047,LB,3
wza,JW2047,M63,3
wzb,JW2046,LB,3
wzb,JW2046,M63,3
wzc,JW2045,LB,3
wzc,JW2045,M63,3
wzxC,JW2031,LB,3
wzxC,JW2031,M63,3
wzxE,JW3766,LB,3
wzxE,JW3766,M63,3
wzzE,JW5601,LB,3
wzzE,JW5601,M63,3
xapA,JW2398,LB,3
xapA,JW2398,M63,3
xapB,JW2397,LB,3
xapB,JW2397,M63,3
xapR,JW2396,LB,3
xapR,JW2396,M63,3
xdhA,JW5462,LB,3
xdhA,JW5462,M63,3
xdhB,JW2835,LB,3
xdhB,JW2835,M63,3
xdhC,JW2836,LB,3
xdhC,JW2836,M63,3
xdhD,JW2849,LB,3
xdhD,JW2849,M63,3
xerC,JW3784,LB,3
xerC,JW3784,M63,3
xerD,JW2862,LB,3
xerD,JW2862,M63,3
xseA,JW2493,LB,3
xseA,JW2493,M63,3
xseB,JW0412,LB,3
xseB,JW0412,M63,3
xthA,JW1738,LB,3
xthA,JW1738,M63,3
xylA,JW3537,LB,3
xylA,JW3537,M63,3
xylB,JW3536,LB,3
xylB,JW3536,M63,3
xylE,JW3991,LB,3
xylE,JW3991,M63,3
xylF,JW3538,LB,3
xylF,JW3538,M63,3
xylG,JW3539,LB,3
xylG,JW3539,M63,3
xylH,JW3540,LB,3
xylH,JW3540,M63,3
xylR,JW3541,LB,3
xylR,JW3541,M63,3
yaaA,JW0005,LB,3
yaaA,JW0005,M63,3
yaaH,JW0009,LB,3
yaaH,JW0009,M63,3
yaaI,JW0012,LB,3
yaaI,JW0012,M63,3
yaaJ,JW0006,LB,3
yaaJ,JW0006,M63,3
yaaU,JW0044,LB,3
yaaU,JW0044,M63,3
yaaW,JW0010,LB,3
yaaW,JW0010,M63,3
yaaX,JW0004,LB,3
yaaX,JW0004,M63,3
yaaY,JW5003,LB,3
yaaY,JW5003,M63,3
yabI,JW5005,LB,3
yabI,JW5005,M63,3
yabP,JW0055,LB,3
yabP,JW0055,M63,3
yacC,JW0118,LB,3
yacC,JW0118,M63,3
yacF,JW0099,LB,3
yacF,JW0099,M63,3
yacG,JW5008,LB,3
yacG,JW5008,M63,3
yacH,JW0113,LB,3
yacH,JW0113,M63,3
yacL,JW0115,LB,3
yacL,JW0115,M63,3
yadB,JW5892,LB,3
yadB,JW5892,M63,3
yadC,JW0131,LB,3
yadC,JW0131,M63,3
yadD,JW5010,LB,3
yadD,JW5010,M63,3
yadE,JW0126,LB,3
yadE,JW0126,M63,3
yadG,JW0123,LB,3
yadG,JW0123,M63,3
yadH,JW0124,LB,3
yadH,JW0124,M63,3
yadI,JW0125,LB,3
yadI,JW0125,M63,3
yadK,JW0132,LB,3
yadK,JW0132,M63,3
yadL,JW0133,LB,3
yadL,JW0133,M63,3
yadM,JW0134,LB,3
yadM,JW0134,M63,3
yadN,JW0137,LB,3
yadN,JW0137,M63,3
yadS,JW0153,LB,3
yadS,JW0153,M63,3
yaeB,JW0191,LB,3
yaeB,JW0191,M63,3
yaeF,JW5016,LB,3
yaeF,JW5016,M63,3
yaeH,JW0159,LB,3
yaeH,JW0159,M63,3
yaeI,JW5014,LB,3
yaeI,JW5014,M63,3
yaeJ,JW0187,LB,3
yaeJ,JW0187,M63,3
yaeP,JW0185,LB,3
yaeP,JW0185,M63,3
yaeQ,JW0186,LB,3
yaeQ,JW0186,M63,3
yaeR,JW0182,LB,3
yaeR,JW0182,M63,3
yafC,JW0198,LB,3
yafC,JW0198,M63,3
yafD,JW5017,LB,3
yafD,JW5017,M63,3
yafE,JW0200,LB,3
yafE,JW0200,M63,3
yafJ,JW0213,LB,3
yafJ,JW0213,M63,3
yafK,JW0214,LB,3
yafK,JW0214,M63,3
yafL,JW0217,LB,3
yafL,JW0217,M63,3
yafM,JW0218,LB,3
yafM,JW0218,M63,3
yafN,JW0222,LB,3
yafN,JW0222,M63,3
yafO,JW0223,LB,3
yafO,JW0223,M63,3
yafP,JW0224,LB,3
yafP,JW0224,M63,3
yafQ,JW0215,LB,3
yafQ,JW0215,M63,3
yafS,JW0203,LB,3
yafS,JW0203,M63,3
yafT,JW0206,LB,3
yafT,JW0206,M63,3
yafU,JW0207,LB,3
yafU,JW0207,M63,3
yafV,JW5019,LB,3
yafV,JW5019,M63,3
yafW,JW0235,LB,3
yafW,JW0235,M63,3
yafX,JW5022,LB,3
yafX,JW5022,M63,3
yafY,JW0240,LB,3
yafY,JW0240,M63,3
yafZ,JW0242,LB,3
yafZ,JW0242,M63,3
yagA,JW0260,LB,3
yagA,JW0260,M63,3
yagB,JW0259,LB,3
yagB,JW0259,M63,3
yagE,JW0261,LB,3
yagE,JW0261,M63,3
yagF,JW0262,LB,3
yagF,JW0262,M63,3
yagH,JW0264,LB,3
yagH,JW0264,M63,3
yagI,JW0265,LB,3
yagI,JW0265,M63,3
yagJ,JW0270,LB,3
yagJ,JW0270,M63,3
yagK,JW0271,LB,3
yagK,JW0271,M63,3
yagL,JW0272,LB,3
yagL,JW0272,M63,3
yagM,JW0273,LB,3
yagM,JW0273,M63,3
yagN,JW0274,LB,3
yagN,JW0274,M63,3
yagP,JW0276,LB,3
yagP,JW0276,M63,3
yagQ,JW0277,LB,3
yagQ,JW0277,M63,3
yagR,JW0278,LB,3
yagR,JW0278,M63,3
yagS,JW0279,LB,3
yagS,JW0279,M63,3
yagT,JW0280,LB,3
yagT,JW0280,M63,3
yagU,JW0281,LB,3
yagU,JW0281,M63,3
yagV,JW5030,LB,3
yagV,JW5030,M63,3
yagW,JW0284,LB,3
yagW,JW0284,M63,3
yagX,JW0285,LB,3
yagX,JW0285,M63,3
yagY,JW0286,LB,3
yagY,JW0286,M63,3
yagZ,JW0287,LB,3
yagZ,JW0287,M63,3
yahA,JW0307,LB,3
yahA,JW0307,M63,3
yahB,JW0308,LB,3
yahB,JW0308,M63,3
yahC,JW0309,LB,3
yahC,JW0309,M63,3
yahD,JW0310,LB,3
yahD,JW0310,M63,3
yahE,JW0311,LB,3
yahE,JW0311,M63,3
yahF,JW0312,LB,3
yahF,JW0312,M63,3
yahG,JW0313,LB,3
yahG,JW0313,M63,3
yahH,JW5893,LB,3
yahH,JW5893,M63,3
yahI,JW0315,LB,3
yahI,JW0315,M63,3
yahJ,JW0316,LB,3
yahJ,JW0316,M63,3
yahK,JW0317,LB,3
yahK,JW0317,M63,3
yahL,JW0318,LB,3
yahL,JW0318,M63,3
yahM,JW5044,LB,3
yahM,JW5044,M63,3
yahN,JW0320,LB,3
yahN,JW0320,M63,3
yahO,JW0321,LB,3
yahO,JW0321,M63,3
yaiA,JW0380,LB,3
yaiA,JW0380,M63,3
yaiB,JW0373,LB,3
yaiB,JW0373,M63,3
yaiC,JW0376,LB,3
yaiC,JW0376,M63,3
yaiE,JW0382,LB,3
yaiE,JW0382,M63,3
yaiF,JW5814,LB,3
yaiF,JW5814,M63,3
yaiI,JW0378,LB,3
yaiI,JW0378,M63,3
yaiL,JW0345,LB,3
yaiL,JW0345,M63,3
yaiO,JW0349,LB,3
yaiO,JW0349,M63,3
yaiP,JW0355,LB,3
yaiP,JW0355,M63,3
yaiS,JW0356,LB,3
yaiS,JW0356,M63,3
yaiT,JW0362,LB,3
yaiT,JW0362,M63,3
yaiU,JW5051,LB,3
yaiU,JW5051,M63,3
yaiV,JW0366,LB,3
yaiV,JW0366,M63,3
yaiW,JW0369,LB,3
yaiW,JW0369,M63,3
yaiX,JW0350,LB,3
yaiX,JW0350,M63,3
yaiY,JW0370,LB,3
yaiY,JW0370,M63,3
yaiZ,JW5053,LB,3
yaiZ,JW5053,M63,3
yajB,JW0394,LB,3
yajB,JW0394,M63,3
yajC,JW0397,LB,3
yajC,JW0397,M63,3
yajD,JW0400,LB,3
yajD,JW0400,M63,3
yajG,JW0424,LB,3
yajG,JW0424,M63,3
yajI,JW5056,LB,3
yajI,JW5056,M63,3
yajL,JW5057,LB,3
yajL,JW5057,M63,3
yajO,JW0409,LB,3
yajO,JW0409,M63,3
yajQ,JW5058,LB,3
yajQ,JW5058,M63,3
yajR,JW5059,LB,3
yajR,JW5059,M63,3
ybaA,JW0445,LB,3
ybaA,JW0445,M63,3
ybaB,JW0460,LB,3
ybaB,JW0460,M63,3
ybaD,JW0403,LB,3
ybaD,JW0403,M63,3
ybaE,JW0435,LB,3
ybaE,JW0435,M63,3
ybaJ,JW0450,LB,3
ybaJ,JW0450,M63,3
ybaK,JW0470,LB,3
ybaK,JW0470,M63,3
ybaL,JW0467,LB,3
ybaL,JW0467,M63,3
ybaM,JW0455,LB,3
ybaM,JW0455,M63,3
ybaN,JW0457,LB,3
ybaN,JW0457,M63,3
ybaO,JW0437,LB,3
ybaO,JW0437,M63,3
ybaP,JW0471,LB,3
ybaP,JW0471,M63,3
ybaQ,JW0472,LB,3
ybaQ,JW0472,M63,3
ybaS,JW0474,LB,3
ybaS,JW0474,M63,3
ybaT,JW0475,LB,3
ybaT,JW0475,M63,3
ybaV,JW0432,LB,3
ybaV,JW0432,M63,3
ybaW,JW0433,LB,3
ybaW,JW0433,M63,3
ybaX,JW0434,LB,3
ybaX,JW0434,M63,3
ybaY,JW0443,LB,3
ybaY,JW0443,M63,3
ybaZ,JW0444,LB,3
ybaZ,JW0444,M63,3
ybbA,JW0484,LB,3
ybbA,JW0484,M63,3
ybbB,JW0491,LB,3
ybbB,JW0491,M63,3
ybbC,JW0487,LB,3
ybbC,JW0487,M63,3
ybbD,JW0489,LB,3
ybbD,JW0489,M63,3
ybbJ,JW5065,LB,3
ybbJ,JW5065,M63,3
ybbK,JW0478,LB,3
ybbK,JW0478,M63,3
ybbL,JW0479,LB,3
ybbL,JW0479,M63,3
ybbM,JW5066,LB,3
ybbM,JW5066,M63,3
ybbN,JW5067,LB,3
ybbN,JW5067,M63,3
ybbO,JW0482,LB,3
ybbO,JW0482,M63,3
ybbP,JW0485,LB,3
ybbP,JW0485,M63,3
ybbS,JW0492,LB,3
ybbS,JW0492,M63,3
ybbV,JW0498,LB,3
ybbV,JW0498,M63,3
ybbW,JW0499,LB,3
ybbW,JW0499,M63,3
ybbY,JW0501,LB,3
ybbY,JW0501,M63,3
ybcC,JW0526,LB,3
ybcC,JW0526,M63,3
ybcD,JW0527,LB,3
ybcD,JW0527,M63,3
ybcF,JW0510,LB,3
ybcF,JW0510,M63,3
ybcH,JW0556,LB,3
ybcH,JW0556,M63,3
ybcI,JW0516,LB,3
ybcI,JW0516,M63,3
ybcJ,JW5070,LB,3
ybcJ,JW5070,M63,3
ybcK,JW0532,LB,3
ybcK,JW0532,M63,3
ybcL,JW0533,LB,3
ybcL,JW0533,M63,3
ybcM,JW0534,LB,3
ybcM,JW0534,M63,3
ybcN,JW0535,LB,3
ybcN,JW0535,M63,3
ybcO,JW0537,LB,3
ybcO,JW0537,M63,3
ybcQ,JW0539,LB,3
ybcQ,JW0539,M63,3
ybcS,JW0544,LB,3
ybcS,JW0544,M63,3
ybcV,JW5081,LB,3
ybcV,JW5081,M63,3
ybcW,JW0548,LB,3
ybcW,JW0548,M63,3
ybcY,JW0551,LB,3
ybcY,JW0551,M63,3
ybdA,JW0583,LB,3
ybdA,JW0583,M63,3
ybdB,JW0589,LB,3
ybdB,JW0589,M63,3
ybdD,JW0591,LB,3
ybdD,JW0591,M63,3
ybdF,JW5083,LB,3
ybdF,JW5083,M63,3
ybdG,JW0566,LB,3
ybdG,JW0566,M63,3
ybdH,JW0592,LB,3
ybdH,JW0592,M63,3
ybdJ,JW0569,LB,3
ybdJ,JW0569,M63,3
ybdK,JW0570,LB,3
ybdK,JW0570,M63,3
ybdL,JW0593,LB,3
ybdL,JW0593,M63,3
ybdM,JW0594,LB,3
ybdM,JW0594,M63,3
ybdN,JW0595,LB,3
ybdN,JW0595,M63,3
ybdO,JW0596,LB,3
ybdO,JW0596,M63,3
ybdR,JW0601,LB,3
ybdR,JW0601,M63,3
ybdZ,JW0577,LB,3
ybdZ,JW0577,M63,3
ybeA,JW0631,LB,3
ybeA,JW0631,M63,3
ybeB,JW5090,LB,3
ybeB,JW5090,M63,3
ybeD,JW0626,LB,3
ybeD,JW0626,M63,3
ybeF,JW0624,LB,3
ybeF,JW0624,M63,3
ybeH,JW0620,LB,3
ybeH,JW0620,M63,3
ybeL,JW0638,LB,3
ybeL,JW0638,M63,3
ybeM,JW0621,LB,3
ybeM,JW0621,M63,3
ybeQ,JW5091,LB,3
ybeQ,JW5091,M63,3
ybeR,JW0640,LB,3
ybeR,JW0640,M63,3
ybeT,JW0642,LB,3
ybeT,JW0642,M63,3
ybeU,JW0643,LB,3
ybeU,JW0643,M63,3
ybeX,JW0655,LB,3
ybeX,JW0655,M63,3
ybeY,JW0656,LB,3
ybeY,JW0656,M63,3
ybeZ,JW0657,LB,3
ybeZ,JW0657,M63,3
ybfA,JW0688,LB,3
ybfA,JW0688,M63,3
ybfB,JW0691,LB,3
ybfB,JW0691,M63,3
ybfC,JW0693,LB,3
ybfC,JW0693,M63,3
ybfD,JW0696,LB,3
ybfD,JW0696,M63,3
ybfE,JW5816,LB,3
ybfE,JW5816,M63,3
ybfF,JW0673,LB,3
ybfF,JW0673,M63,3
ybfG,JW5094,LB,3
ybfG,JW5094,M63,3
ybfH,JW5095,LB,3
ybfH,JW5095,M63,3
ybfL,JW0695,LB,3
ybfL,JW0695,M63,3
ybfM,JW0667,LB,3
ybfM,JW0667,M63,3
ybfN,JW0668,LB,3
ybfN,JW0668,M63,3
ybfO,JW0692,LB,3
ybfO,JW0692,M63,3
ybfP,JW0676,LB,3
ybfP,JW0676,M63,3
ybfQ,JW0694,LB,3
ybfQ,JW0694,M63,3
ybgA,JW0697,LB,3
ybgA,JW0697,M63,3
ybgC,JW0726,LB,3
ybgC,JW0726,M63,3
ybgD,JW0709,LB,3
ybgD,JW0709,M63,3
ybgE,JW0725,LB,3
ybgE,JW0725,M63,3
ybgF,JW0732,LB,3
ybgF,JW0732,M63,3
ybgH,JW0699,LB,3
ybgH,JW0699,M63,3
ybgI,JW0700,LB,3
ybgI,JW0700,M63,3
ybgJ,JW0701,LB,3
ybgJ,JW0701,M63,3
ybgK,JW0702,LB,3
ybgK,JW0702,M63,3
ybgL,JW0703,LB,3
ybgL,JW0703,M63,3
ybgO,JW5098,LB,3
ybgO,JW5098,M63,3
ybgP,JW0707,LB,3
ybgP,JW0707,M63,3
ybgQ,JW5099,LB,3
ybgQ,JW5099,M63,3
ybgS,JW0736,LB,3
ybgS,JW0736,M63,3
ybgT,JW0724,LB,3
ybgT,JW0724,M63,3
ybhA,JW0749,LB,3
ybhA,JW0749,M63,3
ybhB,JW0756,LB,3
ybhB,JW0756,M63,3
ybhC,JW0755,LB,3
ybhC,JW0755,M63,3
ybhD,JW5896,LB,3
ybhD,JW5896,M63,3
ybhE,JW0750,LB,3
ybhE,JW0750,M63,3
ybhF,JW5104,LB,3
ybhF,JW5104,M63,3
ybhG,JW0779,LB,3
ybhG,JW0779,M63,3
ybhH,JW0752,LB,3
ybhH,JW0752,M63,3
ybhI,JW0753,LB,3
ybhI,JW0753,M63,3
ybhJ,JW5103,LB,3
ybhJ,JW5103,M63,3
ybhK,JW0763,LB,3
ybhK,JW0763,M63,3
ybhL,JW0769,LB,3
ybhL,JW0769,M63,3
ybhM,JW0770,LB,3
ybhM,JW0770,M63,3
ybhN,JW0771,LB,3
ybhN,JW0771,M63,3
ybhO,JW0772,LB,3
ybhO,JW0772,M63,3
ybhP,JW0773,LB,3
ybhP,JW0773,M63,3
ybhQ,JW0774,LB,3
ybhQ,JW0774,M63,3
ybhR,JW5803,LB,3
ybhR,JW5803,M63,3
ybhS,JW0777,LB,3
ybhS,JW0777,M63,3
ybhT,JW5102,LB,3
ybhT,JW5102,M63,3
ybiA,JW0783,LB,3
ybiA,JW0783,M63,3
ybiB,JW0785,LB,3
ybiB,JW0785,M63,3
ybiC,JW0786,LB,3
ybiC,JW0786,M63,3
ybiH,JW0780,LB,3
ybiH,JW0780,M63,3
ybiI,JW0788,LB,3
ybiI,JW0788,M63,3
ybiJ,JW0787,LB,3
ybiJ,JW0787,M63,3
ybiM,JW5106,LB,3
ybiM,JW5106,M63,3
ybiN,JW5107,LB,3
ybiN,JW5107,M63,3
ybiO,JW5108,LB,3
ybiO,JW5108,M63,3
ybiP,JW0800,LB,3
ybiP,JW0800,M63,3
ybiR,JW0802,LB,3
ybiR,JW0802,M63,3
ybiS,JW0803,LB,3
ybiS,JW0803,M63,3
ybiT,JW0804,LB,3
ybiT,JW0804,M63,3
ybiU,JW0805,LB,3
ybiU,JW0805,M63,3
ybiV,JW0806,LB,3
ybiV,JW0806,M63,3
ybiW,JW0807,LB,3
ybiW,JW0807,M63,3
ybiX,JW5105,LB,3
ybiX,JW5105,M63,3
ybiY,JW0808,LB,3
ybiY,JW0808,M63,3
ybjC,JW0834,LB,3
ybjC,JW0834,M63,3
ybjD,JW0860,LB,3
ybjD,JW0860,M63,3
ybjE,JW0858,LB,3
ybjE,JW0858,M63,3
ybjG,JW5112,LB,3
ybjG,JW5112,M63,3
ybjH,JW0827,LB,3
ybjH,JW0827,M63,3
ybjI,JW5113,LB,3
ybjI,JW5113,M63,3
ybjJ,JW0829,LB,3
ybjJ,JW0829,M63,3
ybjK,JW5114,LB,3
ybjK,JW5114,M63,3
ybjL,JW0831,LB,3
ybjL,JW0831,M63,3
ybjM,JW0832,LB,3
ybjM,JW0832,M63,3
ybjN,JW0837,LB,3
ybjN,JW0837,M63,3
ybjO,JW0842,LB,3
ybjO,JW0842,M63,3
ybjP,JW0849,LB,3
ybjP,JW0849,M63,3
ybjQ,JW0850,LB,3
ybjQ,JW0850,M63,3
ybjR,JW0851,LB,3
ybjR,JW0851,M63,3
ybjS,JW5819,LB,3
ybjS,JW5819,M63,3
ybjT,JW5116,LB,3
ybjT,JW5116,M63,3
ybjX,JW0861,LB,3
ybjX,JW0861,M63,3
ycaC,JW0880,LB,3
ycaC,JW0880,M63,3
ycaD,JW0881,LB,3
ycaD,JW0881,M63,3
ycaI,JW5120,LB,3
ycaI,JW5120,M63,3
ycaJ,JW0875,LB,3
ycaJ,JW0875,M63,3
ycaK,JW0884,LB,3
ycaK,JW0884,M63,3
ycaL,JW0892,LB,3
ycaL,JW0892,M63,3
ycaM,JW5119,LB,3
ycaM,JW5119,M63,3
ycaN,JW0883,LB,3
ycaN,JW0883,M63,3
ycaO,JW0888,LB,3
ycaO,JW0888,M63,3
ycaP,JW0889,LB,3
ycaP,JW0889,M63,3
ycaQ,JW0899,LB,3
ycaQ,JW0899,M63,3
ycaR,JW0900,LB,3
ycaR,JW0900,M63,3
ycbB,JW0908,LB,3
ycbB,JW0908,M63,3
ycbC,JW0903,LB,3
ycbC,JW0903,M63,3
ycbF,JW5124,LB,3
ycbF,JW5124,M63,3
ycbG,JW0939,LB,3
ycbG,JW0939,M63,3
ycbJ,JW0902,LB,3
ycbJ,JW0902,M63,3
ycbK,JW0909,LB,3
ycbK,JW0909,M63,3
ycbL,JW0910,LB,3
ycbL,JW0910,M63,3
ycbQ,JW5122,LB,3
ycbQ,JW5122,M63,3
ycbR,JW0922,LB,3
ycbR,JW0922,M63,3
ycbS,JW0923,LB,3
ycbS,JW0923,M63,3
ycbT,JW0924,LB,3
ycbT,JW0924,M63,3
ycbU,JW0925,LB,3
ycbU,JW0925,M63,3
ycbV,JW5123,LB,3
ycbV,JW5123,M63,3
ycbW,JW5125,LB,3
ycbW,JW5125,M63,3
ycbX,JW5126,LB,3
ycbX,JW5126,M63,3
ycbY,JW0931,LB,3
ycbY,JW0931,M63,3
ycbZ,JW0938,LB,3
ycbZ,JW0938,M63,3
yccA,JW0953,LB,3
yccA,JW0953,M63,3
yccC,JW0964,LB,3
yccC,JW0964,M63,3
yccE,JW0986,LB,3
yccE,JW0986,M63,3
yccF,JW0944,LB,3
yccF,JW0944,M63,3
yccJ,JW0988,LB,3
yccJ,JW0988,M63,3
yccK,JW0952,LB,3
yccK,JW0952,M63,3
yccM,JW0977,LB,3
yccM,JW0977,M63,3
yccR,JW0942,LB,3
yccR,JW0942,M63,3
yccS,JW5128,LB,3
yccS,JW5128,M63,3
yccT,JW0947,LB,3
yccT,JW0947,M63,3
yccU,JW5130,LB,3
yccU,JW5130,M63,3
yccV,JW5970,LB,3
yccV,JW5970,M63,3
yccW,JW5898,LB,3
yccW,JW5898,M63,3
yccX,JW5131,LB,3
yccX,JW5131,M63,3
yccZ,JW0966,LB,3
yccZ,JW0966,M63,3
ycdB,JW1004,LB,3
ycdB,JW1004,M63,3
ycdC,JW0998,LB,3
ycdC,JW0998,M63,3
ycdG,JW5137,LB,3
ycdG,JW5137,M63,3
ycdH,JW5138,LB,3
ycdH,JW5138,M63,3
ycdI,JW0993,LB,3
ycdI,JW0993,M63,3
ycdK,JW0995,LB,3
ycdK,JW0995,M63,3
ycdL,JW5139,LB,3
ycdL,JW5139,M63,3
ycdM,JW0997,LB,3
ycdM,JW0997,M63,3
ycdN,JW5141,LB,6
ycdN,JW5141,M63,6
ycdO,JW1003,LB,3
ycdO,JW1003,M63,3
ycdP,JW1006,LB,3
ycdP,JW1006,M63,3
ycdQ,JW1007,LB,3
ycdQ,JW1007,M63,3
ycdR,JW5142,LB,3
ycdR,JW5142,M63,3
ycdS,JW1010,LB,3
ycdS,JW1010,M63,3
ycdT,JW5143,LB,3
ycdT,JW5143,M63,3
ycdU,JW1015,LB,3
ycdU,JW1015,M63,3
ycdW,JW5146,LB,3
ycdW,JW5146,M63,3
ycdX,JW1017,LB,3
ycdX,JW1017,M63,3
ycdY,JW1018,LB,3
ycdY,JW1018,M63,3
ycdZ,JW5147,LB,3
ycdZ,JW5147,M63,3
yceA,JW1042,LB,3
yceA,JW1042,M63,3
yceB,JW1050,LB,3
yceB,JW1050,M63,3
yceD,JW1074,LB,3
yceD,JW1074,M63,3
yceF,JW5155,LB,3
yceF,JW5155,M63,3
yceG,JW1083,LB,3
yceG,JW1083,M63,3
yceH,JW1054,LB,3
yceH,JW1054,M63,3
yceI,JW1043,LB,3
yceI,JW1043,M63,3
yceJ,JW1044,LB,3
yceJ,JW1044,M63,3
yceK,JW5151,LB,3
yceK,JW5151,M63,3
yceO,JW1045,LB,3
yceO,JW1045,M63,3
yceP,JW5152,LB,3
yceP,JW5152,M63,3
ycfD,JW1114,LB,3
ycfD,JW1114,M63,3
ycfH,JW1086,LB,3
ycfH,JW1086,M63,3
ycfJ,JW1096,LB,3
ycfJ,JW1096,M63,3
ycfK,JW1140,LB,3
ycfK,JW1140,M63,3
ycfL,JW1090,LB,3
ycfL,JW1090,M63,3
ycfM,JW5157,LB,3
ycfM,JW5157,M63,3
ycfN,JW1092,LB,3
ycfN,JW1092,M63,3
ycfP,JW5158,LB,3
ycfP,JW5158,M63,3
ycfQ,JW5159,LB,3
ycfQ,JW5159,M63,3
ycfR,JW1098,LB,3
ycfR,JW1098,M63,3
ycfS,JW5820,LB,3
ycfS,JW5820,M63,3
ycfT,JW1101,LB,3
ycfT,JW1101,M63,3
ycfX,JW1105,LB,3
ycfX,JW1105,M63,3
ycfZ,JW1107,LB,3
ycfZ,JW1107,M63,3
ycgB,JW1177,LB,3
ycgB,JW1177,M63,3
ycgE,JW1149,LB,3
ycgE,JW1149,M63,3
ycgF,JW1150,LB,3
ycgF,JW1150,M63,3
ycgG,JW5174,LB,3
ycgG,JW5174,M63,3
ycgH,JW5901,LB,6
ycgH,JW5901,M63,6
ycgI,JW1162,LB,3
ycgI,JW1162,M63,3
ycgJ,JW1166,LB,3
ycgJ,JW1166,M63,3
ycgK,JW1167,LB,3
ycgK,JW1167,M63,3
ycgL,JW1168,LB,3
ycgL,JW1168,M63,3
ycgM,JW1169,LB,3
ycgM,JW1169,M63,3
ycgN,JW5180,LB,3
ycgN,JW5180,M63,3
ycgR,JW1183,LB,3
ycgR,JW1183,M63,3
ycgV,JW1193,LB,3
ycgV,JW1193,M63,3
ycgX,JW1148,LB,3
ycgX,JW1148,M63,3
ycgY,JW1185,LB,3
ycgY,JW1185,M63,3
ycgZ,JW1151,LB,3
ycgZ,JW1151,M63,3
ychA,JW1205,LB,3
ychA,JW1205,M63,3
ychE,JW1229,LB,3
ychE,JW1229,M63,3
ychF,JW1194,LB,3
ychF,JW1194,M63,3
ychH,JW1196,LB,3
ychH,JW1196,M63,3
ychJ,JW1221,LB,3
ychJ,JW1221,M63,3
ychM,JW5189,LB,3
ychM,JW5189,M63,3
ychN,JW1210,LB,3
ychN,JW1210,M63,3
ychP,JW1211,LB,3
ychP,JW1211,M63,3
ychQ,JW1204,LB,3
ychQ,JW1204,M63,3
yciA,JW1245,LB,3
yciA,JW1245,M63,3
yciB,JW1246,LB,3
yciB,JW1246,M63,3
yciC,JW1247,LB,3
yciC,JW1247,M63,3
yciE,JW1249,LB,3
yciE,JW1249,M63,3
yciF,JW1250,LB,3
yciF,JW1250,M63,3
yciG,JW1251,LB,3
yciG,JW1251,M63,3
yciH,JW1274,LB,3
yciH,JW1274,M63,3
yciI,JW1243,LB,3
yciI,JW1243,M63,3
yciK,JW1263,LB,3
yciK,JW1263,M63,3
yciM,JW1272,LB,3
yciM,JW1272,M63,3
yciN,JW1265,LB,3
yciN,JW1265,M63,3
yciO,JW5196,LB,3
yciO,JW5196,M63,3
yciQ,JW5197,LB,3
yciQ,JW5197,M63,3
yciS,JW1271,LB,3
yciS,JW1271,M63,3
yciT,JW1276,LB,3
yciT,JW1276,M63,3
yciU,JW1240,LB,3
yciU,JW1240,M63,3
yciV,JW1258,LB,3
yciV,JW1258,M63,3
yciW,JW5200,LB,3
yciW,JW5200,M63,3
yciX,JW5199,LB,6
yciX,JW5199,M63,6
ycjD,JW1282,LB,3
ycjD,JW1282,M63,3
ycjF,JW1315,LB,3
ycjF,JW1315,M63,3
ycjG,JW1318,LB,3
ycjG,JW1318,M63,3
ycjM,JW1302,LB,3
ycjM,JW1302,M63,3
ycjN,JW1303,LB,3
ycjN,JW1303,M63,3
ycjO,JW1304,LB,3
ycjO,JW1304,M63,3
ycjP,JW1305,LB,3
ycjP,JW1305,M63,3
ycjQ,JW1306,LB,3
ycjQ,JW1306,M63,3
ycjR,JW5202,LB,3
ycjR,JW5202,M63,3
ycjS,JW1308,LB,3
ycjS,JW1308,M63,3
ycjT,JW1309,LB,3
ycjT,JW1309,M63,3
ycjU,JW1310,LB,3
ycjU,JW1310,M63,3
ycjV,JW1311,LB,3
ycjV,JW1311,M63,3
ycjW,JW1313,LB,3
ycjW,JW1313,M63,3
ycjX,JW1314,LB,3
ycjX,JW1314,M63,3
ycjY,JW5804,LB,3
ycjY,JW5804,M63,3
ycjZ,JW1321,LB,3
ycjZ,JW1321,M63,3
ydaC,JW1341,LB,3
ydaC,JW1341,M63,3
ydaE,JW1346,LB,3
ydaE,JW1346,M63,3
ydaF,JW1349,LB,3
ydaF,JW1349,M63,3
ydaG,JW5210,LB,3
ydaG,JW5210,M63,3
ydaL,JW1334,LB,3
ydaL,JW1334,M63,3
ydaM,JW5206,LB,3
ydaM,JW5206,M63,3
ydaN,JW1336,LB,3
ydaN,JW1336,M63,3
ydaO,JW1338,LB,3
ydaO,JW1338,M63,3
ydaQ,JW5207,LB,3
ydaQ,JW5207,M63,3
ydaS,JW1352,LB,3
ydaS,JW1352,M63,3
ydaT,JW1353,LB,3
ydaT,JW1353,M63,3
ydaU,JW1354,LB,3
ydaU,JW1354,M63,3
ydaV,JW1355,LB,3
ydaV,JW1355,M63,3
ydaW,JW5211,LB,3
ydaW,JW5211,M63,3
ydaY,JW1360,LB,3
ydaY,JW1360,M63,3
ydbA,JW5802,LB,6
ydbA,JW5802,M63,6
ydbC,JW1403,LB,3
ydbC,JW1403,M63,3
ydbD,JW5221,LB,3
ydbD,JW5221,M63,3
ydbH,JW1376,LB,3
ydbH,JW1376,M63,3
ydbJ,JW5215,LB,3
ydbJ,JW5215,M63,3
ydbK,JW1372,LB,3
ydbK,JW1372,M63,3
ydbL,JW5216,LB,3
ydbL,JW5216,M63,3
ydcA,JW1416,LB,3
ydcA,JW1416,M63,3
ydcC,JW1455,LB,3
ydcC,JW1455,M63,3
ydcD,JW1452,LB,3
ydcD,JW1452,M63,3
ydcE,JW1456,LB,3
ydcE,JW1456,M63,3
ydcF,JW1411,LB,3
ydcF,JW1411,M63,3
ydcH,JW5823,LB,3
ydcH,JW5823,M63,3
ydcI,JW5226,LB,3
ydcI,JW5226,M63,3
ydcJ,JW1419,LB,3
ydcJ,JW1419,M63,3
ydcK,JW1424,LB,3
ydcK,JW1424,M63,3
ydcL,JW1427,LB,3
ydcL,JW1427,M63,3
ydcM,JW5228,LB,3
ydcM,JW5228,M63,3
ydcN,JW1430,LB,3
ydcN,JW1430,M63,3
ydcO,JW5229,LB,3
ydcO,JW5229,M63,3
ydcP,JW1431,LB,3
ydcP,JW1431,M63,3
ydcQ,JW1433,LB,3
ydcQ,JW1433,M63,3
ydcR,JW1434,LB,3
ydcR,JW1434,M63,3
ydcS,JW1435,LB,3
ydcS,JW1435,M63,3
ydcT,JW1436,LB,3
ydcT,JW1436,M63,3
ydcU,JW1437,LB,3
ydcU,JW1437,M63,3
ydcV,JW1438,LB,3
ydcV,JW1438,M63,3
ydcW,JW1439,LB,3
ydcW,JW1439,M63,3
ydcX,JW5232,LB,3
ydcX,JW5232,M63,3
ydcY,JW1441,LB,3
ydcY,JW1441,M63,3
ydcZ,JW1442,LB,3
ydcZ,JW1442,M63,3
yddA,JW5242,LB,3
yddA,JW5242,M63,3
yddB,JW1490,LB,3
yddB,JW1490,M63,3
yddE,JW1459,LB,3
yddE,JW1459,M63,3
yddG,JW1469,LB,3
yddG,JW1469,M63,3
yddH,JW1457,LB,3
yddH,JW1457,M63,3
yddJ,JW1466,LB,3
yddJ,JW1466,M63,3
yddK,JW1467,LB,3
yddK,JW1467,M63,3
yddL,JW1468,LB,3
yddL,JW1468,M63,3
yddM,JW5908,LB,3
yddM,JW5908,M63,3
yddV,JW5241,LB,3
yddV,JW5241,M63,3
yddW,JW1486,LB,3
yddW,JW1486,M63,3
ydeA,JW1521,LB,3
ydeA,JW1521,M63,3
ydeE,JW1527,LB,3
ydeE,JW1527,M63,3
ydeH,JW1528,LB,3
ydeH,JW1528,M63,3
ydeI,JW1529,LB,3
ydeI,JW1529,M63,3
ydeJ,JW1530,LB,3
ydeJ,JW1530,M63,3
ydeK,JW1503,LB,3
ydeK,JW1503,M63,3
ydeM,JW1492,LB,3
ydeM,JW1492,M63,3
ydeN,JW5243,LB,3
ydeN,JW5243,M63,3
ydeO,JW1494,LB,3
ydeO,JW1494,M63,3
ydeP,JW1495,LB,3
ydeP,JW1495,M63,3
ydeQ,JW1496,LB,3
ydeQ,JW1496,M63,3
ydeR,JW1497,LB,3
ydeR,JW1497,M63,3
ydeS,JW1498,LB,3
ydeS,JW1498,M63,3
ydeT,JW1499,LB,3
ydeT,JW1499,M63,3
ydeU,JW1502,LB,3
ydeU,JW1502,M63,3
ydeV,JW1504,LB,3
ydeV,JW1504,M63,3
ydeW,JW1505,LB,3
ydeW,JW1505,M63,3
ydfA,JW1563,LB,3
ydfA,JW1563,M63,3
ydfC,JW1565,LB,3
ydfC,JW1565,M63,3
ydfD,JW1567,LB,3
ydfD,JW1567,M63,3
ydfE,JW1568,LB,3
ydfE,JW1568,M63,3
ydfG,JW1532,LB,3
ydfG,JW1532,M63,3
ydfH,JW1533,LB,3
ydfH,JW1533,M63,3
ydfI,JW1535,LB,3
ydfI,JW1535,M63,3
ydfJ,JW1536,LB,3
ydfJ,JW1536,M63,3
ydfK,JW1537,LB,3
ydfK,JW1537,M63,3
ydfO,JW5252,LB,3
ydfO,JW5252,M63,3
ydfP,JW1545,LB,3
ydfP,JW1545,M63,3
ydfQ,JW1546,LB,3
ydfQ,JW1546,M63,3
ydfR,JW1547,LB,3
ydfR,JW1547,M63,3
ydfT,JW1551,LB,3
ydfT,JW1551,M63,3
ydfU,JW5909,LB,3
ydfU,JW5909,M63,3
ydfV,JW1557,LB,3
ydfV,JW1557,M63,3
ydfW,JW1559,LB,3
ydfW,JW1559,M63,3
ydfX,JW1560,LB,3
ydfX,JW1560,M63,3
ydfZ,JW1534,LB,3
ydfZ,JW1534,M63,3
ydgA,JW1606,LB,3
ydgA,JW1606,M63,3
ydgC,JW1599,LB,3
ydgC,JW1599,M63,3
ydgD,JW1590,LB,3
ydgD,JW1590,M63,3
ydgG,JW1593,LB,3
ydgG,JW1593,M63,3
ydgH,JW1596,LB,3
ydgH,JW1596,M63,3
ydgI,JW1597,LB,3
ydgI,JW1597,M63,3
ydgJ,JW5265,LB,3
ydgJ,JW5265,M63,3
ydgK,JW1618,LB,3
ydgK,JW1618,M63,3
ydgR,JW1626,LB,3
ydgR,JW1626,M63,3
ydgT,JW1617,LB,3
ydgT,JW1617,M63,3
ydhA,JW1631,LB,3
ydhA,JW1631,M63,3
ydhB,JW1651,LB,3
ydhB,JW1651,M63,3
ydhC,JW1652,LB,3
ydhC,JW1652,M63,3
ydhD,JW1646,LB,3
ydhD,JW1646,M63,3
ydhF,JW1639,LB,3
ydhF,JW1639,M63,3
ydhH,JW1632,LB,3
ydhH,JW1632,M63,3
ydhI,JW1635,LB,3
ydhI,JW1635,M63,3
ydhJ,JW1636,LB,3
ydhJ,JW1636,M63,3
ydhK,JW1637,LB,3
ydhK,JW1637,M63,3
ydhL,JW5827,LB,3
ydhL,JW5827,M63,3
ydhM,JW5874,LB,3
ydhM,JW5874,M63,3
ydhO,JW5270,LB,3
ydhO,JW5270,M63,3
ydhP,JW1649,LB,3
ydhP,JW1649,M63,3
ydhQ,JW1656,LB,3
ydhQ,JW1656,M63,3
ydhR,JW1657,LB,3
ydhR,JW1657,M63,3
ydhS,JW1658,LB,3
ydhS,JW1658,M63,3
ydhT,JW1659,LB,3
ydhT,JW1659,M63,3
ydhU,JW1660,LB,3
ydhU,JW1660,M63,3
ydhV,JW5272,LB,3
ydhV,JW5272,M63,3
ydhW,JW1662,LB,3
ydhW,JW1662,M63,3
ydhX,JW5271,LB,3
ydhX,JW5271,M63,3
ydhY,JW1664,LB,3
ydhY,JW1664,M63,3
ydhZ,JW1665,LB,3
ydhZ,JW1665,M63,3
ydiA,JW1693,LB,3
ydiA,JW1693,M63,3
ydiB,JW1682,LB,3
ydiB,JW1682,M63,3
ydiD,JW5910,LB,3
ydiD,JW5910,M63,3
ydiE,JW1695,LB,3
ydiE,JW1695,M63,3
ydiF,JW1684,LB,3
ydiF,JW1684,M63,3
ydiH,JW1675,LB,3
ydiH,JW1675,M63,3
ydiI,JW1676,LB,3
ydiI,JW1676,M63,3
ydiJ,JW1677,LB,3
ydiJ,JW1677,M63,3
ydiK,JW1678,LB,3
ydiK,JW1678,M63,3
ydiM,JW1680,LB,3
ydiM,JW1680,M63,3
ydiN,JW5274,LB,3
ydiN,JW5274,M63,3
ydiO,JW5275,LB,3
ydiO,JW5275,M63,3
ydiP,JW1686,LB,3
ydiP,JW1686,M63,3
ydiQ,JW5276,LB,3
ydiQ,JW5276,M63,3
ydiR,JW1688,LB,3
ydiR,JW1688,M63,3
ydiS,JW1689,LB,3
ydiS,JW1689,M63,3
ydiT,JW1690,LB,3
ydiT,JW1690,M63,3
ydiU,JW1696,LB,3
ydiU,JW1696,M63,3
ydiV,JW1697,LB,3
ydiV,JW1697,M63,3
ydiY,JW1711,LB,3
ydiY,JW1711,M63,3
ydiZ,JW1713,LB,3
ydiZ,JW1713,M63,3
ydjA,JW1754,LB,3
ydjA,JW1754,M63,3
ydjE,JW1758,LB,3
ydjE,JW1758,M63,3
ydjF,JW1759,LB,3
ydjF,JW1759,M63,3
ydjG,JW1760,LB,3
ydjG,JW1760,M63,3
ydjH,JW5289,LB,3
ydjH,JW5289,M63,3
ydjI,JW1762,LB,3
ydjI,JW1762,M63,3
ydjJ,JW1763,LB,3
ydjJ,JW1763,M63,3
ydjK,JW5290,LB,3
ydjK,JW5290,M63,3
ydjL,JW1765,LB,3
ydjL,JW1765,M63,3
ydjM,JW5281,LB,3
ydjM,JW5281,M63,3
ydjN,JW1718,LB,3
ydjN,JW1718,M63,3
ydjO,JW1719,LB,3
ydjO,JW1719,M63,3
ydjQ,JW1730,LB,3
ydjQ,JW1730,M63,3
ydjR,JW1731,LB,3
ydjR,JW1731,M63,3
ydjX,JW1739,LB,3
ydjX,JW1739,M63,3
ydjY,JW5283,LB,3
ydjY,JW5283,M63,3
ydjZ,JW1741,LB,3
ydjZ,JW1741,M63,3
yeaA,JW1767,LB,3
yeaA,JW1767,M63,3
yeaB,JW1802,LB,3
yeaB,JW1802,M63,3
yeaC,JW1766,LB,3
yeaC,JW1766,M63,3
yeaD,JW1769,LB,3
yeaD,JW1769,M63,3
yeaE,JW1770,LB,3
yeaE,JW1770,M63,3
yeaG,JW1772,LB,3
yeaG,JW1772,M63,3
yeaH,JW1773,LB,3
yeaH,JW1773,M63,3
yeaI,JW1774,LB,3
yeaI,JW1774,M63,3
yeaJ,JW5291,LB,3
yeaJ,JW5291,M63,3
yeaK,JW1776,LB,3
yeaK,JW1776,M63,3
yeaL,JW1778,LB,3
yeaL,JW1778,M63,3
yeaM,JW1779,LB,3
yeaM,JW1779,M63,3
yeaN,JW1780,LB,3
yeaN,JW1780,M63,3
yeaO,JW1781,LB,3
yeaO,JW1781,M63,3
yeaP,JW5292,LB,3
yeaP,JW5292,M63,3
yeaQ,JW1784,LB,3
yeaQ,JW1784,M63,3
yeaR,JW1786,LB,3
yeaR,JW1786,M63,3
yeaS,JW1787,LB,3
yeaS,JW1787,M63,3
yeaT,JW1788,LB,3
yeaT,JW1788,M63,3
yeaU,JW1789,LB,3
yeaU,JW1789,M63,3
yeaV,JW5293,LB,3
yeaV,JW5293,M63,3
yeaW,JW5294,LB,3
yeaW,JW5294,M63,3
yeaX,JW1792,LB,3
yeaX,JW1792,M63,3
yeaY,JW1795,LB,3
yeaY,JW1795,M63,3
yebA,JW5304,LB,3
yebA,JW5304,M63,3
yebB,JW5306,LB,3
yebB,JW5306,M63,3
yebC,JW1853,LB,3
yebC,JW1853,M63,3
yebE,JW1835,LB,3
yebE,JW1835,M63,3
yebF,JW1836,LB,3
yebF,JW1836,M63,3
yebG,JW1837,LB,3
yebG,JW1837,M63,3
yebK,JW1842,LB,3
yebK,JW1842,M63,3
yebN,JW5830,LB,3
yebN,JW5830,M63,3
yebO,JW1814,LB,3
yebO,JW1814,M63,3
yebQ,JW5299,LB,3
yebQ,JW5299,M63,3
yebR,JW1821,LB,3
yebR,JW1821,M63,3
yebS,JW1822,LB,3
yebS,JW1822,M63,3
yebT,JW1823,LB,3
yebT,JW1823,M63,3
yebU,JW5301,LB,3
yebU,JW5301,M63,3
yebV,JW5302,LB,3
yebV,JW5302,M63,3
yebW,JW5303,LB,3
yebW,JW5303,M63,3
yebY,JW1828,LB,3
yebY,JW1828,M63,3
yebZ,JW1829,LB,3
yebZ,JW1829,M63,3
yecA,JW1896,LB,3
yecA,JW1896,M63,3
yecC,JW1902,LB,3
yecC,JW1902,M63,3
yecD,JW5307,LB,3
yecD,JW5307,M63,3
yecE,JW1857,LB,3
yecE,JW1857,M63,3
yecF,JW1900,LB,3
yecF,JW1900,M63,3
yecG,JW1884,LB,3
yecG,JW1884,M63,3
yecH,JW1894,LB,3
yecH,JW1894,M63,3
yecI,JW1890,LB,3
yecI,JW1890,M63,3
yecJ,JW1891,LB,3
yecJ,JW1891,M63,3
yecM,JW5309,LB,3
yecM,JW5309,M63,3
yecN,JW5308,LB,3
yecN,JW5308,M63,3
yecO,JW1859,LB,3
yecO,JW1859,M63,3
yecP,JW1860,LB,3
yecP,JW1860,M63,3
yecR,JW1892,LB,3
yecR,JW1892,M63,3
yecS,JW1903,LB,3
yecS,JW1903,M63,3
yecT,JW5310,LB,3
yecT,JW5310,M63,3
yedA,JW1942,LB,3
yedA,JW1942,M63,3
yedD,JW1913,LB,3
yedD,JW1913,M63,3
yedE,JW1914,LB,3
yedE,JW1914,M63,3
yedF,JW1915,LB,3
yedF,JW1915,M63,3
yedI,JW1941,LB,3
yedI,JW1941,M63,3
yedJ,JW1945,LB,3
yedJ,JW1945,M63,3
yedK,JW1916,LB,3
yedK,JW1916,M63,3
yedL,JW1917,LB,3
yedL,JW1917,M63,3
yedM,JW1920,LB,3
yedM,JW1920,M63,3
yedN,JW1918,LB,6
yedN,JW1918,M63,6
yedO,JW5313,LB,3
yedO,JW5313,M63,3
yedP,JW1938,LB,3
yedP,JW1938,M63,3
yedQ,JW5832,LB,3
yedQ,JW5832,M63,3
yedR,JW1946,LB,3
yedR,JW1946,M63,3
yedS,JW5319,LB,9
yedS,JW5319,M63,9
yedV,JW1951,LB,3
yedV,JW1951,M63,3
yedW,JW5322,LB,3
yedW,JW5322,M63,3
yedX,JW1953,LB,3
yedX,JW1953,M63,3
yedY,JW1954,LB,3
yedY,JW1954,M63,3
yedZ,JW1955,LB,3
yedZ,JW1955,M63,3
yeeA,JW1990,LB,3
yeeA,JW1990,M63,3
yeeD,JW1994,LB,3
yeeD,JW1994,M63,3
yeeE,JW1995,LB,3
yeeE,JW1995,M63,3
yeeF,JW5330,LB,3
yeeF,JW5330,M63,3
yeeI,JW1958,LB,3
yeeI,JW1958,M63,3
yeeJ,JW5833,LB,3
yeeJ,JW5833,M63,3
yeeL,JW5325,LB,6
yeeL,JW5325,M63,6
yeeN,JW1964,LB,3
yeeN,JW1964,M63,3
yeeO,JW1965,LB,3
yeeO,JW1965,M63,3
yeeP,JW5327,LB,3
yeeP,JW5327,M63,3
yeeR,JW1983,LB,3
yeeR,JW1983,M63,3
yeeS,JW1984,LB,3
yeeS,JW1984,M63,3
yeeT,JW1985,LB,3
yeeT,JW1985,M63,3
yeeU,JW1986,LB,3
yeeU,JW1986,M63,3
yeeV,JW1987,LB,3
yeeV,JW1987,M63,3
yeeW,JW1988,LB,3
yeeW,JW1988,M63,3
yeeX,JW1989,LB,3
yeeX,JW1989,M63,3
yeeY,JW5834,LB,3
yeeY,JW5834,M63,3
yeeZ,JW1998,LB,3
yeeZ,JW1998,M63,3
yegD,JW2054,LB,3
yegD,JW2054,M63,3
yegE,JW2052,LB,3
yegE,JW2052,M63,3
yegH,JW5336,LB,3
yegH,JW5336,M63,3
yegI,JW2055,LB,3
yegI,JW2055,M63,3
yegJ,JW2056,LB,3
yegJ,JW2056,M63,3
yegK,JW2057,LB,3
yegK,JW2057,M63,3
yegL,JW2058,LB,3
yegL,JW2058,M63,3
yegP,JW5339,LB,3
yegP,JW5339,M63,3
yegQ,JW2066,LB,3
yegQ,JW2066,M63,3
yegR,JW5837,LB,3
yegR,JW5837,M63,3
yegS,JW2070,LB,3
yegS,JW2070,M63,3
yegT,JW2085,LB,3
yegT,JW2085,M63,3
yegU,JW2086,LB,3
yegU,JW2086,M63,3
yegV,JW2087,LB,3
yegV,JW2087,M63,3
yegW,JW2088,LB,3
yegW,JW2088,M63,3
yegX,JW5345,LB,3
yegX,JW5345,M63,3
yehA,JW2095,LB,3
yehA,JW2095,M63,3
yehB,JW2096,LB,3
yehB,JW2096,M63,3
yehC,JW2097,LB,3
yehC,JW2097,M63,3
yehD,JW2098,LB,3
yehD,JW2098,M63,3
yehE,JW2099,LB,3
yehE,JW2099,M63,3
yehI,JW2105,LB,3
yehI,JW2105,M63,3
yehK,JW2106,LB,3
yehK,JW2106,M63,3
yehL,JW5349,LB,3
yehL,JW5349,M63,3
yehM,JW2108,LB,3
yehM,JW2108,M63,3
yehP,JW5350,LB,3
yehP,JW5350,M63,3
yehQ,JW2110,LB,3
yehQ,JW2110,M63,3
yehR,JW5351,LB,3
yehR,JW5351,M63,3
yehS,JW2112,LB,3
yehS,JW2112,M63,3
yehT,JW5352,LB,3
yehT,JW5352,M63,3
yehU,JW5353,LB,3
yehU,JW5353,M63,3
yehW,JW2116,LB,3
yehW,JW2116,M63,3
yehX,JW2117,LB,3
yehX,JW2117,M63,3
yehY,JW2118,LB,3
yehY,JW2118,M63,3
yehZ,JW2119,LB,3
yehZ,JW2119,M63,3
yeiA,JW2134,LB,3
yeiA,JW2134,M63,3
yeiB,JW2139,LB,3
yeiB,JW2139,M63,3
yeiC,JW2153,LB,3
yeiC,JW2153,M63,3
yeiE,JW2144,LB,3
yeiE,JW2144,M63,3
yeiG,JW2141,LB,3
yeiG,JW2141,M63,3
yeiH,JW2145,LB,3
yeiH,JW2145,M63,3
yeiI,JW2147,LB,3
yeiI,JW2147,M63,3
yeiJ,JW2148,LB,3
yeiJ,JW2148,M63,3
yeiL,JW2150,LB,3
yeiL,JW2150,M63,3
yeiM,JW2151,LB,3
yeiM,JW2151,M63,3
yeiN,JW2152,LB,3
yeiN,JW2152,M63,3
yeiP,JW5362,LB,3
yeiP,JW5362,M63,3
yeiQ,JW2160,LB,3
yeiQ,JW2160,M63,3
yeiR,JW2161,LB,3
yeiR,JW2161,M63,3
yeiS,JW5359,LB,3
yeiS,JW5359,M63,3
yeiT,JW2133,LB,3
yeiT,JW2133,M63,3
yeiU,JW2162,LB,3
yeiU,JW2162,M63,3
yeiW,JW5361,LB,3
yeiW,JW5361,M63,3
yejA,JW2165,LB,3
yejA,JW2165,M63,3
yejB,JW2166,LB,3
yejB,JW2166,M63,3
yejE,JW2167,LB,3
yejE,JW2167,M63,3
yejF,JW2168,LB,3
yejF,JW2168,M63,3
yejG,JW2169,LB,3
yejG,JW2169,M63,3
yejH,JW2172,LB,3
yejH,JW2172,M63,3
yejK,JW2174,LB,3
yejK,JW2174,M63,3
yejL,JW2175,LB,3
yejL,JW2175,M63,3
yejO,JW5839,LB,3
yejO,JW5839,M63,3
yfaA,JW2224,LB,3
yfaA,JW2224,M63,3
yfaD,JW2238,LB,3
yfaD,JW2238,M63,3
yfaE,JW2230,LB,3
yfaE,JW2230,M63,3
yfaH,JW2232,LB,3
yfaH,JW2232,M63,3
yfaL,JW2227,LB,3
yfaL,JW2227,M63,3
yfaO,JW2245,LB,3
yfaO,JW2245,M63,3
yfaP,JW2219,LB,3
yfaP,JW2219,M63,3
yfaQ,JW2220,LB,3
yfaQ,JW2220,M63,3
yfaS,JW2221,LB,6
yfaS,JW2221,M63,6
yfaT,JW2223,LB,3
yfaT,JW2223,M63,3
yfaU,JW2239,LB,3
yfaU,JW2239,M63,3
yfaV,JW2240,LB,3
yfaV,JW2240,M63,3
yfaW,JW2241,LB,3
yfaW,JW2241,M63,3
yfaX,JW2242,LB,3
yfaX,JW2242,M63,3
yfaY,JW2243,LB,3
yfaY,JW2243,M63,3
yfaZ,JW5371,LB,3
yfaZ,JW5371,M63,3
yfbB,JW2258,LB,3
yfbB,JW2258,M63,3
yfbE,JW5372,LB,3
yfbE,JW5372,M63,3
yfbF,JW2248,LB,3
yfbF,JW2248,M63,3
yfbG,JW2249,LB,3
yfbG,JW2249,M63,3
yfbH,JW2250,LB,3
yfbH,JW2250,M63,3
yfbJ,JW5373,LB,3
yfbJ,JW5373,M63,3
yfbK,JW2265,LB,3
yfbK,JW2265,M63,3
yfbL,JW2266,LB,3
yfbL,JW2266,M63,3
yfbM,JW2267,LB,3
yfbM,JW2267,M63,3
yfbN,JW2268,LB,3
yfbN,JW2268,M63,3
yfbO,JW2269,LB,3
yfbO,JW2269,M63,3
yfbP,JW2270,LB,3
yfbP,JW2270,M63,3
yfbQ,JW2287,LB,3
yfbQ,JW2287,M63,3
yfbR,JW2288,LB,3
yfbR,JW2288,M63,3
yfbS,JW2289,LB,3
yfbS,JW2289,M63,3
yfbT,JW5376,LB,3
yfbT,JW5376,M63,3
yfbU,JW2291,LB,3
yfbU,JW2291,M63,3
yfbV,JW2292,LB,3
yfbV,JW2292,M63,3
yfbW,JW2252,LB,3
yfbW,JW2252,M63,3
yfcA,JW2324,LB,3
yfcA,JW2324,M63,3
yfcC,JW2295,LB,3
yfcC,JW2295,M63,3
yfcD,JW2296,LB,3
yfcD,JW2296,M63,3
yfcE,JW5377,LB,3
yfcE,JW5377,M63,3
yfcF,JW2298,LB,3
yfcF,JW2298,M63,3
yfcG,JW2299,LB,3
yfcG,JW2299,M63,3
yfcH,JW2301,LB,3
yfcH,JW2301,M63,3
yfcI,JW2302,LB,3
yfcI,JW2302,M63,3
yfcJ,JW2319,LB,3
yfcJ,JW2319,M63,3
yfcL,JW2322,LB,3
yfcL,JW2322,M63,3
yfcM,JW5381,LB,3
yfcM,JW5381,M63,3
yfcN,JW2328,LB,3
yfcN,JW2328,M63,3
yfcO,JW2329,LB,3
yfcO,JW2329,M63,3
yfcP,JW2330,LB,3
yfcP,JW2330,M63,3
yfcQ,JW2331,LB,3
yfcQ,JW2331,M63,3
yfcR,JW2332,LB,3
yfcR,JW2332,M63,3
yfcS,JW2333,LB,3
yfcS,JW2333,M63,3
yfcT,JW2334,LB,3
yfcT,JW2334,M63,3
yfcU,JW2335,LB,3
yfcU,JW2335,M63,3
yfcV,JW2336,LB,3
yfcV,JW2336,M63,3
yfcX,JW2338,LB,3
yfcX,JW2338,M63,3
yfcY,JW2339,LB,3
yfcY,JW2339,M63,3
yfcZ,JW2340,LB,3
yfcZ,JW2340,M63,3
yfdC,JW2344,LB,3
yfdC,JW2344,M63,3
yfdE,JW2368,LB,3
yfdE,JW2368,M63,3
yfdF,JW2342,LB,3
yfdF,JW2342,M63,3
yfdG,JW2346,LB,3
yfdG,JW2346,M63,3
yfdH,JW2347,LB,3
yfdH,JW2347,M63,3
yfdI,JW5382,LB,3
yfdI,JW5382,M63,3
yfdK,JW2350,LB,3
yfdK,JW2350,M63,3
yfdL,JW5384,LB,3
yfdL,JW5384,M63,3
yfdM,JW2352,LB,3
yfdM,JW2352,M63,3
yfdN,JW5385,LB,3
yfdN,JW5385,M63,3
yfdO,JW2355,LB,3
yfdO,JW2355,M63,3
yfdP,JW2356,LB,3
yfdP,JW2356,M63,3
yfdQ,JW2357,LB,3
yfdQ,JW2357,M63,3
yfdR,JW2358,LB,3
yfdR,JW2358,M63,3
yfdS,JW2359,LB,3
yfdS,JW2359,M63,3
yfdV,JW2369,LB,3
yfdV,JW2369,M63,3
yfdX,JW2372,LB,3
yfdX,JW2372,M63,3
yfdY,JW2374,LB,3
yfdY,JW2374,M63,3
yfdZ,JW2376,LB,3
yfdZ,JW2376,M63,3
yfeA,JW5391,LB,3
yfeA,JW5391,M63,3
yfeC,JW2393,LB,3
yfeC,JW2393,M63,3
yfeD,JW2394,LB,3
yfeD,JW2394,M63,3
yfeG,JW2430,LB,3
yfeG,JW2430,M63,3
yfeH,JW5876,LB,3
yfeH,JW5876,M63,3
yfeK,JW2412,LB,3
yfeK,JW2412,M63,3
yfeN,JW2399,LB,3
yfeN,JW2399,M63,3
yfeO,JW2386,LB,3
yfeO,JW2386,M63,3
yfeR,JW2400,LB,3
yfeR,JW2400,M63,3
yfeS,JW2413,LB,3
yfeS,JW2413,M63,3
yfeT,JW2420,LB,3
yfeT,JW2420,M63,3
yfeU,JW2421,LB,3
yfeU,JW2421,M63,3
yfeW,JW5395,LB,3
yfeW,JW5395,M63,3
yfeX,JW2424,LB,3
yfeX,JW2424,M63,3
yfeY,JW2425,LB,3
yfeY,JW2425,M63,3
yfeZ,JW2426,LB,3
yfeZ,JW2426,M63,3
yffB,JW2455,LB,3
yffB,JW2455,M63,3
yffH,JW2451,LB,3
yffH,JW2451,M63,3
yffI,JW2431,LB,3
yffI,JW2431,M63,3
yfgA,JW2500,LB,3
yfgA,JW2500,M63,3
yfgB,JW2501,LB,3
yfgB,JW2501,M63,3
yfgC,JW2479,LB,3
yfgC,JW2479,M63,3
yfgD,JW2480,LB,3
yfgD,JW2480,M63,3
yfgF,JW2488,LB,3
yfgF,JW2488,M63,3
yfgG,JW5399,LB,3
yfgG,JW5399,M63,3
yfgH,JW5400,LB,3
yfgH,JW5400,M63,3
yfgI,JW2490,LB,3
yfgI,JW2490,M63,3
yfgJ,JW5402,LB,3
yfgJ,JW5402,M63,3
yfgL,JW2496,LB,3
yfgL,JW2496,M63,3
yfgM,JW2497,LB,3
yfgM,JW2497,M63,3
yfgO,JW2478,LB,3
yfgO,JW2478,M63,3
yfhA,JW2538,LB,3
yfhA,JW2538,M63,3
yfhB,JW5408,LB,3
yfhB,JW5408,M63,3
yfhD,JW2542,LB,3
yfhD,JW2542,M63,3
yfhG,JW2539,LB,3
yfhG,JW2539,M63,3
yfhH,JW2545,LB,3
yfhH,JW2545,M63,3
yfhJ,JW2508,LB,3
yfhJ,JW2508,M63,3
yfhK,JW5407,LB,3
yfhK,JW5407,M63,3
yfhL,JW2546,LB,3
yfhL,JW2546,M63,3
yfhM,JW2504,LB,3
yfhM,JW2504,M63,3
yfhQ,JW2516,LB,3
yfhQ,JW2516,M63,3
yfhR,JW2518,LB,3
yfhR,JW2518,M63,3
yfiA,JW2578,LB,3
yfiA,JW2578,M63,3
yfiB,JW2586,LB,3
yfiB,JW2586,M63,3
yfiC,JW2559,LB,3
yfiC,JW2559,M63,3
yfiD,JW2563,LB,3
yfiD,JW2563,M63,3
yfiE,JW2561,LB,3
yfiE,JW2561,M63,3
yfiF,JW2565,LB,3
yfiF,JW2565,M63,3
yfiH,JW2575,LB,3
yfiH,JW2575,M63,3
yfiK,JW2562,LB,3
yfiK,JW2562,M63,3
yfiL,JW5412,LB,3
yfiL,JW5412,M63,3
yfiM,JW2570,LB,3
yfiM,JW2570,M63,3
yfiN,JW2585,LB,3
yfiN,JW2585,M63,3
yfiP,JW5409,LB,3
yfiP,JW5409,M63,3
yfiQ,JW2568,LB,3
yfiQ,JW2568,M63,3
yfiR,JW2584,LB,3
yfiR,JW2584,M63,3
yfjD,JW5415,LB,3
yfjD,JW5415,M63,3
yfjF,JW2599,LB,3
yfjF,JW2599,M63,3
yfjG,JW2600,LB,3
yfjG,JW2600,M63,3
yfjH,JW2603,LB,3
yfjH,JW2603,M63,3
yfjI,JW2605,LB,3
yfjI,JW2605,M63,3
yfjJ,JW2607,LB,3
yfjJ,JW2607,M63,3
yfjK,JW2608,LB,3
yfjK,JW2608,M63,3
yfjL,JW2609,LB,3
yfjL,JW2609,M63,3
yfjM,JW2610,LB,3
yfjM,JW2610,M63,3
yfjN,JW2611,LB,3
yfjN,JW2611,M63,3
yfjO,JW5418,LB,3
yfjO,JW5418,M63,3
yfjP,JW5419,LB,3
yfjP,JW5419,M63,3
yfjQ,JW2614,LB,3
yfjQ,JW2614,M63,3
yfjR,JW2615,LB,3
yfjR,JW2615,M63,3
yfjS,JW5921,LB,3
yfjS,JW5921,M63,3
yfjT,JW2618,LB,3
yfjT,JW2618,M63,3
yfjU,JW2619,LB,3
yfjU,JW2619,M63,3
yfjV,JW2621,LB,3
yfjV,JW2621,M63,3
yfjW,JW2623,LB,3
yfjW,JW2623,M63,3
yfjX,JW2624,LB,3
yfjX,JW2624,M63,3
yfjY,JW2625,LB,3
yfjY,JW2625,M63,3
yfjZ,JW2626,LB,3
yfjZ,JW2626,M63,3
ygaC,JW2646,LB,3
ygaC,JW2646,M63,3
ygaD,JW2670,LB,3
ygaD,JW2670,M63,3
ygaF,JW2635,LB,3
ygaF,JW2635,M63,3
ygaH,JW2658,LB,3
ygaH,JW2658,M63,3
ygaM,JW2647,LB,3
ygaM,JW2647,M63,3
ygaP,JW2643,LB,3
ygaP,JW2643,M63,3
ygaQ,JW5425,LB,3
ygaQ,JW5425,M63,3
ygaR,JW2631,LB,3
ygaR,JW2631,M63,3
ygaT,JW5427,LB,3
ygaT,JW5427,M63,3
ygaU,JW2640,LB,3
ygaU,JW2640,M63,3
ygaV,JW2642,LB,3
ygaV,JW2642,M63,3
ygaW,JW2645,LB,3
ygaW,JW2645,M63,3
ygaX,JW2655,LB,3
ygaX,JW2655,M63,3
ygaY,JW5428,LB,3
ygaY,JW5428,M63,3
ygaZ,JW2657,LB,3
ygaZ,JW2657,M63,3
ygbA,JW2702,LB,3
ygbA,JW2702,M63,3
ygbE,JW2719,LB,3
ygbE,JW2719,M63,3
ygbF,JW5438,LB,3
ygbF,JW5438,M63,3
ygbI,JW2705,LB,3
ygbI,JW2705,M63,3
ygbJ,JW2706,LB,3
ygbJ,JW2706,M63,3
ygbK,JW2707,LB,3
ygbK,JW2707,M63,3
ygbL,JW2708,LB,3
ygbL,JW2708,M63,3
ygbM,JW2709,LB,3
ygbM,JW2709,M63,3
ygbN,JW2710,LB,3
ygbN,JW2710,M63,3
ygbT,JW2725,LB,3
ygbT,JW2725,M63,3
ygcB,JW2731,LB,3
ygcB,JW2731,M63,3
ygcE,JW5444,LB,3
ygcE,JW5444,M63,3
ygcF,JW2748,LB,3
ygcF,JW2748,M63,3
ygcG,JW5445,LB,3
ygcG,JW5445,M63,3
ygcH,JW2726,LB,3
ygcH,JW2726,M63,3
ygcI,JW5844,LB,3
ygcI,JW5844,M63,3
ygcJ,JW2728,LB,3
ygcJ,JW2728,M63,3
ygcK,JW2729,LB,3
ygcK,JW2729,M63,3
ygcL,JW2730,LB,3
ygcL,JW2730,M63,3
ygcM,JW2735,LB,3
ygcM,JW2735,M63,3
ygcN,JW2736,LB,3
ygcN,JW2736,M63,3
ygcO,JW2737,LB,3
ygcO,JW2737,M63,3
ygcP,JW2738,LB,3
ygcP,JW2738,M63,3
ygcQ,JW5440,LB,3
ygcQ,JW5440,M63,3
ygcR,JW5441,LB,3
ygcR,JW5441,M63,3
ygcS,JW5845,LB,3
ygcS,JW5845,M63,3
ygcU,JW5442,LB,3
ygcU,JW5442,M63,3
ygcW,JW5443,LB,3
ygcW,JW5443,M63,3
ygdB,JW5450,LB,3
ygdB,JW5450,M63,3
ygdD,JW2778,LB,3
ygdD,JW2778,M63,3
ygdE,JW2777,LB,3
ygdE,JW2777,M63,3
ygdH,JW2766,LB,3
ygdH,JW2766,M63,3
ygdI,JW5448,LB,3
ygdI,JW5448,M63,3
ygdK,JW2782,LB,3
ygdK,JW2782,M63,3
ygdL,JW2783,LB,3
ygdL,JW2783,M63,3
ygdQ,JW2800,LB,3
ygdQ,JW2800,M63,3
ygdR,JW2801,LB,3
ygdR,JW2801,M63,3
ygeA,JW2808,LB,3
ygeA,JW2808,M63,3
ygeD,JW2803,LB,3
ygeD,JW2803,M63,3
ygeF,JW2818,LB,3
ygeF,JW2818,M63,3
ygeG,JW2819,LB,3
ygeG,JW2819,M63,3
ygeH,JW2820,LB,3
ygeH,JW2820,M63,3
ygeI,JW5456,LB,3
ygeI,JW5456,M63,3
ygeK,JW5458,LB,3
ygeK,JW5458,M63,3
ygeL,JW2824,LB,3
ygeL,JW2824,M63,3
ygeM,JW5459,LB,3
ygeM,JW5459,M63,3
ygeN,JW5460,LB,3
ygeN,JW5460,M63,3
ygeO,JW5846,LB,3
ygeO,JW5846,M63,3
ygeP,JW2831,LB,3
ygeP,JW2831,M63,3
ygeQ,JW5461,LB,3
ygeQ,JW5461,M63,3
ygeR,JW2833,LB,3
ygeR,JW2833,M63,3
ygeV,JW2837,LB,3
ygeV,JW2837,M63,3
ygeW,JW5463,LB,3
ygeW,JW5463,M63,3
ygeX,JW2839,LB,3
ygeX,JW2839,M63,3
ygeY,JW2840,LB,3
ygeY,JW2840,M63,3
ygfA,JW2879,LB,3
ygfA,JW2879,M63,3
ygfB,JW5473,LB,3
ygfB,JW5473,M63,3
ygfF,JW2870,LB,3
ygfF,JW2870,M63,3
ygfG,JW2886,LB,3
ygfG,JW2886,M63,3
ygfH,JW2887,LB,3
ygfH,JW2887,M63,3
ygfI,JW5476,LB,3
ygfI,JW5476,M63,3
ygfJ,JW2845,LB,3
ygfJ,JW2845,M63,3
ygfK,JW5923,LB,3
ygfK,JW5923,M63,3
ygfM,JW2848,LB,3
ygfM,JW2848,M63,3
ygfO,JW2850,LB,3
ygfO,JW2850,M63,3
ygfQ,JW5467,LB,3
ygfQ,JW5467,M63,3
ygfS,JW5468,LB,3
ygfS,JW5468,M63,3
ygfT,JW5469,LB,3
ygfT,JW5469,M63,3
ygfU,JW5470,LB,3
ygfU,JW5470,M63,3
ygfX,JW2864,LB,3
ygfX,JW2864,M63,3
ygfY,JW2865,LB,3
ygfY,JW2865,M63,3
ygfZ,JW2866,LB,3
ygfZ,JW2866,M63,3
yggC,JW2895,LB,3
yggC,JW2895,M63,3
yggD,JW2896,LB,3
yggD,JW2896,M63,3
yggE,JW2889,LB,3
yggE,JW2889,M63,3
yggF,JW2897,LB,3
yggF,JW2897,M63,3
yggG,JW2903,LB,3
yggG,JW2903,M63,3
yggH,JW2927,LB,3
yggH,JW2927,M63,3
yggJ,JW2913,LB,3
yggJ,JW2913,M63,3
yggL,JW2926,LB,3
yggL,JW2926,M63,3
yggM,JW2923,LB,3
yggM,JW2923,M63,3
yggN,JW2925,LB,3
yggN,JW2925,M63,3
yggP,JW5477,LB,3
yggP,JW5477,M63,3
yggR,JW2917,LB,3
yggR,JW2917,M63,3
yggS,JW2918,LB,3
yggS,JW2918,M63,3
yggT,JW2919,LB,3
yggT,JW2919,M63,3
yggU,JW5479,LB,3
yggU,JW5479,M63,3
yggV,JW2921,LB,3
yggV,JW2921,M63,3
yggW,JW2922,LB,3
yggW,JW2922,M63,3
yggX,JW2929,LB,3
yggX,JW2929,M63,3
yghA,JW2972,LB,3
yghA,JW2972,M63,3
yghB,JW2976,LB,3
yghB,JW2976,M63,3
yghD,JW2935,LB,3
yghD,JW2935,M63,3
yghE,JW5924,LB,3
yghE,JW5924,M63,3
yghF,JW5484,LB,3
yghF,JW5484,M63,3
yghG,JW2938,LB,3
yghG,JW2938,M63,3
yghJ,JW5925,LB,3
yghJ,JW5925,M63,3
yghK,JW2942,LB,3
yghK,JW2942,M63,3
yghO,JW5848,LB,3
yghO,JW5848,M63,3
yghQ,JW5490,LB,3
yghQ,JW5490,M63,3
yghR,JW2952,LB,3
yghR,JW2952,M63,3
yghS,JW5491,LB,3
yghS,JW5491,M63,3
yghT,JW2954,LB,3
yghT,JW2954,M63,3
yghU,JW5492,LB,3
yghU,JW5492,M63,3
yghW,JW2966,LB,3
yghW,JW2966,M63,3
yghX,JW5926,LB,3
yghX,JW5926,M63,3
yghY,JW5496,LB,3
yghY,JW5496,M63,3
yghZ,JW2970,LB,3
yghZ,JW2970,M63,3
ygiB,JW5927,LB,3
ygiB,JW5927,M63,3
ygiC,JW3006,LB,3
ygiC,JW3006,M63,3
ygiE,JW3008,LB,3
ygiE,JW3008,M63,3
ygiF,JW3026,LB,3
ygiF,JW3026,M63,3
ygiH,JW3031,LB,3
ygiH,JW3031,M63,3
ygiL,JW3011,LB,3
ygiL,JW3011,M63,3
ygiN,JW2997,LB,3
ygiN,JW2997,M63,3
ygiP,JW3032,LB,3
ygiP,JW3032,M63,3
ygiQ,JW5501,LB,3
ygiQ,JW5501,M63,3
ygiS,JW2988,LB,3
ygiS,JW2988,M63,3
ygiU,JW2990,LB,3
ygiU,JW2990,M63,3
ygiV,JW5502,LB,3
ygiV,JW5502,M63,3
ygiW,JW2992,LB,3
ygiW,JW2992,M63,3
ygiZ,JW2995,LB,3
ygiZ,JW2995,M63,3
ygjE,JW3035,LB,3
ygjE,JW3035,M63,3
ygjF,JW3040,LB,3
ygjF,JW3040,M63,3
ygjG,JW5510,LB,3
ygjG,JW5510,M63,3
ygjH,JW3045,LB,3
ygjH,JW3045,M63,3
ygjI,JW5512,LB,3
ygjI,JW5512,M63,3
ygjJ,JW3050,LB,3
ygjJ,JW3050,M63,3
ygjK,JW3051,LB,3
ygjK,JW3051,M63,3
ygjM,JW3053,LB,3
ygjM,JW3053,M63,3
ygjN,JW3054,LB,3
ygjN,JW3054,M63,3
ygjO,JW5513,LB,3
ygjO,JW5513,M63,3
ygjP,JW5514,LB,3
ygjP,JW5514,M63,3
ygjQ,JW3057,LB,3
ygjQ,JW3057,M63,3
ygjR,JW3058,LB,3
ygjR,JW3058,M63,3
ygjV,JW3061,LB,3
ygjV,JW3061,M63,3
yhaB,JW3091,LB,3
yhaB,JW3091,M63,3
yhaC,JW3092,LB,3
yhaC,JW3092,M63,3
yhaH,JW3074,LB,3
yhaH,JW3074,M63,3
yhaI,JW3075,LB,3
yhaI,JW3075,M63,3
yhaJ,JW3076,LB,3
yhaJ,JW3076,M63,3
yhaK,JW3077,LB,3
yhaK,JW3077,M63,3
yhaL,JW5517,LB,3
yhaL,JW5517,M63,3
yhaM,JW5518,LB,3
yhaM,JW5518,M63,3
yhaO,JW5519,LB,3
yhaO,JW5519,M63,3
yhaV,JW3099,LB,3
yhaV,JW3099,M63,3
yhbC,JW5533,LB,3
yhbC,JW5533,M63,3
yhbE,JW3151,LB,3
yhbE,JW3151,M63,3
yhbG,JW3168,LB,3
yhbG,JW3168,M63,3
yhbH,JW3170,LB,3
yhbH,JW3170,M63,3
yhbJ,JW3172,LB,3
yhbJ,JW3172,M63,3
yhbO,JW5529,LB,3
yhbO,JW5529,M63,3
yhbP,JW3123,LB,3
yhbP,JW3123,M63,3
yhbQ,JW3124,LB,3
yhbQ,JW3124,M63,3
yhbS,JW3125,LB,3
yhbS,JW3125,M63,3
yhbT,JW3126,LB,3
yhbT,JW3126,M63,3
yhbU,JW3127,LB,3
yhbU,JW3127,M63,3
yhbW,JW3129,LB,3
yhbW,JW3129,M63,3
yhbX,JW5534,LB,3
yhbX,JW5534,M63,3
yhbY,JW3147,LB,3
yhbY,JW3147,M63,3
yhcA,JW3182,LB,3
yhcA,JW3182,M63,3
yhcB,JW5539,LB,3
yhcB,JW5539,M63,3
yhcC,JW3178,LB,3
yhcC,JW3178,M63,3
yhcD,JW3183,LB,3
yhcD,JW3183,M63,3
yhcE,JW3187,LB,6
yhcE,JW3187,M63,6
yhcF,JW3188,LB,3
yhcF,JW3188,M63,3
yhcG,JW3189,LB,3
yhcG,JW3189,M63,3
yhcH,JW3190,LB,3
yhcH,JW3190,M63,3
yhcM,JW3201,LB,3
yhcM,JW3201,M63,3
yhcN,JW5540,LB,3
yhcN,JW5540,M63,3
yhcO,JW3208,LB,3
yhcO,JW3208,M63,3
yhdA,JW3221,LB,3
yhdA,JW3221,M63,3
yhdE,JW3217,LB,3
yhdE,JW3217,M63,3
yhdH,JW3222,LB,3
yhdH,JW3222,M63,3
yhdJ,JW5543,LB,3
yhdJ,JW5543,M63,3
yhdL,JW3253,LB,3
yhdL,JW3253,M63,3
yhdN,JW3255,LB,3
yhdN,JW3255,M63,3
yhdP,JW5542,LB,3
yhdP,JW5542,M63,3
yhdT,JW3225,LB,3
yhdT,JW3225,M63,3
yhdU,JW3231,LB,3
yhdU,JW3231,M63,3
yhdV,JW3235,LB,3
yhdV,JW3235,M63,3
yhdW,JW3236,LB,3
yhdW,JW3236,M63,3
yhdX,JW5544,LB,3
yhdX,JW5544,M63,3
yhdY,JW5545,LB,3
yhdY,JW5545,M63,3
yhdZ,JW3239,LB,3
yhdZ,JW3239,M63,3
yheL,JW3305,LB,3
yheL,JW3305,M63,3
yheM,JW3306,LB,3
yheM,JW3306,M63,3
yheN,JW3307,LB,3
yheN,JW3307,M63,3
yheO,JW5703,LB,3
yheO,JW5703,M63,3
yheS,JW3315,LB,3
yheS,JW3315,M63,3
yheT,JW3316,LB,3
yheT,JW3316,M63,3
yheU,JW3317,LB,3
yheU,JW3317,M63,3
yheV,JW3312,LB,3
yheV,JW3312,M63,3
yhfA,JW3319,LB,3
yhfA,JW3319,M63,3
yhfG,JW3325,LB,3
yhfG,JW3325,M63,3
yhfK,JW5701,LB,3
yhfK,JW5701,M63,3
yhfL,JW3332,LB,3
yhfL,JW3332,M63,3
yhfS,JW3339,LB,3
yhfS,JW3339,M63,3
yhfT,JW3340,LB,3
yhfT,JW3340,M63,3
yhfU,JW5697,LB,3
yhfU,JW5697,M63,3
yhfW,JW3343,LB,3
yhfW,JW3343,M63,3
yhfX,JW3344,LB,3
yhfX,JW3344,M63,3
yhfY,JW5696,LB,3
yhfY,JW5696,M63,3
yhfZ,JW5948,LB,3
yhfZ,JW5948,M63,3
yhgA,JW3374,LB,3
yhgA,JW3374,M63,3
yhgE,JW3365,LB,3
yhgE,JW3365,M63,3
yhgF,JW3370,LB,3
yhgF,JW3370,M63,3
yhgG,JW3373,LB,3
yhgG,JW3373,M63,3
yhgN,JW3397,LB,3
yhgN,JW3397,M63,3
yhhA,JW3413,LB,3
yhhA,JW3413,M63,3
yhhF,JW3430,LB,3
yhhF,JW3430,M63,3
yhhH,JW3449,LB,3
yhhH,JW3449,M63,3
yhhI,JW3451,LB,3
yhhI,JW3451,M63,3
yhhJ,JW5677,LB,3
yhhJ,JW5677,M63,3
yhhK,JW3424,LB,3
yhhK,JW3424,M63,3
yhhL,JW5683,LB,3
yhhL,JW5683,M63,3
yhhM,JW3432,LB,3
yhhM,JW3432,M63,3
yhhN,JW3433,LB,3
yhhN,JW3433,M63,3
yhhP,JW3435,LB,3
yhhP,JW3435,M63,3
yhhS,JW5945,LB,3
yhhS,JW5945,M63,3
yhhT,JW5680,LB,3
yhhT,JW5680,M63,3
yhhW,JW3402,LB,3
yhhW,JW3402,M63,3
yhhX,JW3403,LB,3
yhhX,JW3403,M63,3
yhhY,JW3405,LB,3
yhhY,JW3405,M63,3
yhhZ,JW3406,LB,3
yhhZ,JW3406,M63,3
yhiD,JW5670,LB,3
yhiD,JW5670,M63,3
yhiF,JW3475,LB,3
yhiF,JW3475,M63,3
yhiI,JW3454,LB,3
yhiI,JW3454,M63,3
yhiJ,JW3455,LB,3
yhiJ,JW3455,M63,3
yhiK,JW5674,LB,3
yhiK,JW5674,M63,3
yhiL,JW3457,LB,3
yhiL,JW3457,M63,3
yhiM,JW5944,LB,3
yhiM,JW5944,M63,3
yhiN,JW3459,LB,3
yhiN,JW3459,M63,3
yhiO,JW3461,LB,3
yhiO,JW3461,M63,3
yhiP,JW3463,LB,3
yhiP,JW3463,M63,3
yhiQ,JW5672,LB,3
yhiQ,JW5672,M63,3
yhiR,JW3466,LB,3
yhiR,JW3466,M63,3
yhiS,JW3471,LB,3
yhiS,JW3471,M63,3
yhjA,JW3486,LB,3
yhjA,JW3486,M63,3
yhjB,JW3488,LB,3
yhjB,JW3488,M63,3
yhjC,JW3489,LB,3
yhjC,JW3489,M63,3
yhjD,JW3490,LB,3
yhjD,JW3490,M63,3
yhjE,JW3491,LB,3
yhjE,JW3491,M63,3
yhjG,JW3492,LB,3
yhjG,JW3492,M63,3
yhjH,JW3493,LB,3
yhjH,JW3493,M63,3
yhjJ,JW3495,LB,3
yhjJ,JW3495,M63,3
yhjK,JW5943,LB,3
yhjK,JW5943,M63,3
yhjQ,JW5941,LB,3
yhjQ,JW5941,M63,3
yhjR,JW3503,LB,3
yhjR,JW3503,M63,3
yhjV,JW3508,LB,3
yhjV,JW3508,M63,3
yhjX,JW3516,LB,3
yhjX,JW3516,M63,3
yhjY,JW5659,LB,3
yhjY,JW5659,M63,3
yiaA,JW3534,LB,3
yiaA,JW3534,M63,3
yiaB,JW5654,LB,3
yiaB,JW5654,M63,3
yiaC,JW3519,LB,3
yiaC,JW3519,M63,3
yiaD,JW5657,LB,3
yiaD,JW5657,M63,3
yiaF,JW5655,LB,3
yiaF,JW5655,M63,3
yiaG,JW3524,LB,3
yiaG,JW3524,M63,3
yiaH,JW3533,LB,3
yiaH,JW3533,M63,3
yiaI,JW3545,LB,3
yiaI,JW3545,M63,3
yiaJ,JW3546,LB,3
yiaJ,JW3546,M63,3
yiaK,JW3547,LB,3
yiaK,JW3547,M63,3
yiaL,JW3548,LB,3
yiaL,JW3548,M63,3
yiaM,JW3549,LB,3
yiaM,JW3549,M63,3
yiaN,JW5651,LB,3
yiaN,JW5651,M63,3
yiaO,JW3551,LB,3
yiaO,JW3551,M63,3
yiaT,JW3556,LB,3
yiaT,JW3556,M63,3
yiaU,JW3557,LB,3
yiaU,JW3557,M63,3
yiaV,JW3558,LB,3
yiaV,JW3558,M63,3
yiaW,JW3559,LB,3
yiaW,JW3559,M63,3
yiaY,JW5648,LB,3
yiaY,JW5648,M63,3
yibA,JW3568,LB,3
yibA,JW3568,M63,3
yibD,JW3590,LB,3
yibD,JW3590,M63,3
yibF,JW3565,LB,3
yibF,JW3565,M63,3
yibG,JW3570,LB,3
yibG,JW3570,M63,3
yibH,JW3571,LB,3
yibH,JW3571,M63,3
yibI,JW3572,LB,3
yibI,JW3572,M63,3
yibK,JW3581,LB,3
yibK,JW3581,M63,3
yibL,JW3577,LB,3
yibL,JW3577,M63,3
yibN,JW3586,LB,3
yibN,JW3586,M63,3
yibQ,JW5645,LB,3
yibQ,JW5645,M63,3
yibT,JW3576,LB,3
yibT,JW3576,M63,3
yicC,JW3619,LB,3
yicC,JW3619,M63,3
yicE,JW3629,LB,3
yicE,JW3629,M63,3
yicG,JW3621,LB,3
yicG,JW3621,M63,3
yicH,JW3630,LB,3
yicH,JW3630,M63,3
yicI,JW3631,LB,3
yicI,JW3631,M63,3
yicJ,JW5939,LB,3
yicJ,JW5939,M63,3
yicL,JW3634,LB,3
yicL,JW3634,M63,3
yicM,JW5938,LB,3
yicM,JW5938,M63,3
yicN,JW5637,LB,3
yicN,JW5637,M63,3
yicO,JW5636,LB,3
yicO,JW5636,M63,3
yicR,JW5643,LB,3
yicR,JW5643,M63,3
yicS,JW5965,LB,3
yicS,JW5965,M63,3
yidA,JW3674,LB,3
yidA,JW3674,M63,3
yidB,JW3675,LB,3
yidB,JW3675,M63,3
yidD,JW3682,LB,3
yidD,JW3682,M63,3
yidE,JW3662,LB,3
yidE,JW3662,M63,3
yidF,JW3650,LB,3
yidF,JW3650,M63,3
yidG,JW3651,LB,3
yidG,JW3651,M63,3
yidH,JW3652,LB,3
yidH,JW3652,M63,3
yidI,JW3653,LB,3
yidI,JW3653,M63,3
yidJ,JW3654,LB,3
yidJ,JW3654,M63,3
yidK,JW3655,LB,3
yidK,JW3655,M63,3
yidL,JW3656,LB,3
yidL,JW3656,M63,3
yidP,JW3661,LB,3
yidP,JW3661,M63,3
yidQ,JW5633,LB,3
yidQ,JW5633,M63,3
yidR,JW5860,LB,3
yidR,JW5860,M63,3
yidX,JW5858,LB,3
yidX,JW5858,M63,3
yidZ,JW3689,LB,3
yidZ,JW3689,M63,3
yieE,JW3690,LB,3
yieE,JW3690,M63,3
yieF,JW3691,LB,3
yieF,JW3691,M63,3
yieG,JW3692,LB,3
yieG,JW3692,M63,3
yieH,JW3693,LB,3
yieH,JW3693,M63,3
yieI,JW3694,LB,3
yieI,JW3694,M63,3
yieK,JW5613,LB,3
yieK,JW5613,M63,3
yieL,JW5612,LB,3
yieL,JW5612,M63,3
yieM,JW5610,LB,3
yieM,JW5610,M63,3
yieN,JW3725,LB,3
yieN,JW3725,M63,3
yieP,JW5608,LB,3
yieP,JW5608,M63,3
yifB,JW3738,LB,3
yifB,JW3738,M63,3
yifE,JW3737,LB,3
yifE,JW3737,M63,3
yifK,JW5595,LB,3
yifK,JW5595,M63,3
yifL,JW3781,LB,3
yifL,JW3781,M63,3
yifN,JW3750,LB,3
yifN,JW3750,M63,3
yifO,JW3749,LB,3
yifO,JW3749,M63,3
yigA,JW3783,LB,3
yigA,JW3783,M63,3
yigB,JW3785,LB,3
yigB,JW3785,M63,3
yigE,JW5591,LB,3
yigE,JW5591,M63,3
yigF,JW3790,LB,3
yigF,JW3790,M63,3
yigG,JW5590,LB,3
yigG,JW5590,M63,3
yigI,JW5588,LB,3
yigI,JW5588,M63,3
yigL,JW5854,LB,3
yigL,JW5854,M63,3
yigM,JW3803,LB,3
yigM,JW3803,M63,3
yigZ,JW5577,LB,3
yigZ,JW5577,M63,3
yihD,JW3830,LB,3
yihD,JW3830,M63,3
yihE,JW3831,LB,3
yihE,JW3831,M63,3
yihF,JW5574,LB,3
yihF,JW5574,M63,3
yihG,JW3834,LB,3
yihG,JW3834,M63,3
yihI,JW3837,LB,3
yihI,JW3837,M63,3
yihL,JW3843,LB,3
yihL,JW3843,M63,3
yihM,JW3844,LB,3
yihM,JW3844,M63,3
yihN,JW3845,LB,3
yihN,JW3845,M63,3
yihO,JW5852,LB,3
yihO,JW5852,M63,3
yihP,JW3848,LB,3
yihP,JW3848,M63,3
yihQ,JW3849,LB,3
yihQ,JW3849,M63,3
yihR,JW3850,LB,3
yihR,JW3850,M63,3
yihS,JW5569,LB,3
yihS,JW5569,M63,3
yihT,JW3852,LB,3
yihT,JW3852,M63,3
yihU,JW3853,LB,3
yihU,JW3853,M63,3
yihV,JW5568,LB,3
yihV,JW5568,M63,3
yihW,JW5567,LB,3
yihW,JW5567,M63,3
yihX,JW5566,LB,3
yihX,JW5566,M63,3
yiiD,JW3859,LB,3
yiiD,JW3859,M63,3
yiiE,JW5929,LB,3
yiiE,JW5929,M63,3
yiiF,JW5563,LB,3
yiiF,JW5563,M63,3
yiiG,JW3867,LB,3
yiiG,JW3867,M63,3
yiiL,JW3872,LB,3
yiiL,JW3872,M63,3
yiiM,JW5559,LB,3
yiiM,JW5559,M63,3
yiiQ,JW3891,LB,3
yiiQ,JW3891,M63,3
yiiR,JW3892,LB,3
yiiR,JW3892,M63,3
yiiS,JW3893,LB,3
yiiS,JW3893,M63,3
yiiT,JW3894,LB,3
yiiT,JW3894,M63,3
yiiU,JW3899,LB,3
yiiU,JW3899,M63,3
yiiX,JW3908,LB,3
yiiX,JW3908,M63,3
yijD,JW3936,LB,3
yijD,JW3936,M63,3
yijE,JW5557,LB,3
yijE,JW5557,M63,3
yijF,JW3916,LB,3
yijF,JW3916,M63,3
yijO,JW3926,LB,3
yijO,JW3926,M63,3
yijP,JW3927,LB,3
yijP,JW3927,M63,3
yjaA,JW3971,LB,3
yjaA,JW3971,M63,3
yjaB,JW3972,LB,3
yjaB,JW3972,M63,3
yjaG,JW3963,LB,3
yjaG,JW3963,M63,3
yjaH,JW3965,LB,3
yjaH,JW3965,M63,3
yjbA,JW3990,LB,3
yjbA,JW3990,M63,3
yjbB,JW3980,LB,3
yjbB,JW3980,M63,3
yjbC,JW3982,LB,3
yjbC,JW3982,M63,3
yjbD,JW3983,LB,3
yjbD,JW3983,M63,3
yjbE,JW3986,LB,3
yjbE,JW3986,M63,3
yjbF,JW5711,LB,3
yjbF,JW5711,M63,3
yjbG,JW3988,LB,3
yjbG,JW3988,M63,3
yjbH,JW3989,LB,3
yjbH,JW3989,M63,3
yjbI,JW3998,LB,3
yjbI,JW3998,M63,3
yjbJ,JW4005,LB,3
yjbJ,JW4005,M63,3
yjbL,JW4007,LB,3
yjbL,JW4007,M63,3
yjbM,JW4008,LB,3
yjbM,JW4008,M63,3
yjbN,JW5950,LB,3
yjbN,JW5950,M63,3
yjbO,JW5716,LB,3
yjbO,JW5716,M63,3
yjbQ,JW4017,LB,3
yjbQ,JW4017,M63,3
yjbR,JW4018,LB,3
yjbR,JW4018,M63,3
yjcB,JW5718,LB,3
yjcB,JW5718,M63,3
yjcC,JW4022,LB,3
yjcC,JW4022,M63,3
yjcD,JW4025,LB,3
yjcD,JW4025,M63,3
yjcE,JW4026,LB,3
yjcE,JW4026,M63,3
yjcF,JW4027,LB,3
yjcF,JW4027,M63,3
yjcH,JW4029,LB,3
yjcH,JW4029,M63,3
yjcO,JW4039,LB,3
yjcO,JW4039,M63,3
yjcP,JW4041,LB,3
yjcP,JW4041,M63,3
yjcQ,JW4042,LB,3
yjcQ,JW4042,M63,3
yjcR,JW4043,LB,3
yjcR,JW4043,M63,3
yjcS,JW5721,LB,3
yjcS,JW5721,M63,3
yjcZ,JW5729,LB,3
yjcZ,JW5729,M63,3
yjdA,JW4070,LB,3
yjdA,JW4070,M63,3
yjdC,JW5733,LB,3
yjdC,JW5733,M63,3
yjdF,JW4082,LB,3
yjdF,JW4082,M63,3
yjdI,JW4087,LB,3
yjdI,JW4087,M63,3
yjdJ,JW4088,LB,3
yjdJ,JW4088,M63,3
yjdK,JW4089,LB,3
yjdK,JW4089,M63,3
yjdL,JW4091,LB,3
yjdL,JW4091,M63,3
yjdO,JW5732,LB,3
yjdO,JW5732,M63,3
yjeB,JW4136,LB,3
yjeB,JW4136,M63,3
yjeF,JW4125,LB,3
yjeF,JW4125,M63,3
yjeH,JW4101,LB,3
yjeH,JW4101,M63,3
yjeI,JW5736,LB,3
yjeI,JW5736,M63,3
yjeJ,JW4105,LB,3
yjeJ,JW4105,M63,3
yjeK,JW4106,LB,3
yjeK,JW4106,M63,3
yjeM,JW5739,LB,3
yjeM,JW5739,M63,3
yjeN,JW4118,LB,3
yjeN,JW4118,M63,3
yjeO,JW4119,LB,3
yjeO,JW4119,M63,3
yjeP,JW4120,LB,3
yjeP,JW4120,M63,3
yjeS,JW4124,LB,3
yjeS,JW4124,M63,3
yjeT,JW4134,LB,3
yjeT,JW4134,M63,3
yjfC,JW4144,LB,3
yjfC,JW4144,M63,3
yjfF,JW5754,LB,3
yjfF,JW5754,M63,3
yjfI,JW4139,LB,3
yjfI,JW4139,M63,3
yjfJ,JW4140,LB,3
yjfJ,JW4140,M63,3
yjfK,JW4141,LB,3
yjfK,JW4141,M63,3
yjfL,JW4142,LB,3
yjfL,JW4142,M63,3
yjfM,JW4143,LB,3
yjfM,JW4143,M63,3
yjfN,JW5742,LB,3
yjfN,JW5742,M63,3
yjfO,JW5743,LB,3
yjfO,JW5743,M63,3
yjfP,JW4148,LB,3
yjfP,JW4148,M63,3
yjfY,JW4157,LB,3
yjfY,JW4157,M63,3
yjfZ,JW4162,LB,3
yjfZ,JW4162,M63,3
yjgA,JW4193,LB,3
yjgA,JW4193,M63,3
yjgB,JW5761,LB,3
yjgB,JW5761,M63,3
yjgD,JW4212,LB,3
yjgD,JW4212,M63,3
yjgF,JW5755,LB,3
yjgF,JW5755,M63,3
yjgH,JW4206,LB,3
yjgH,JW4206,M63,3
yjgI,JW4207,LB,3
yjgI,JW4207,M63,3
yjgJ,JW4208,LB,3
yjgJ,JW4208,M63,3
yjgK,JW5756,LB,3
yjgK,JW5756,M63,3
yjgL,JW5757,LB,3
yjgL,JW5757,M63,3
yjgM,JW5758,LB,3
yjgM,JW5758,M63,3
yjgN,JW5759,LB,3
yjgN,JW5759,M63,3
yjgR,JW4220,LB,3
yjgR,JW4220,M63,3
yjgW,JW4233,LB,3
yjgW,JW4233,M63,3
yjgX,JW5763,LB,9
yjgX,JW5763,M63,9
yjgZ,JW4236,LB,3
yjgZ,JW4236,M63,3
yjhA,JW5778,LB,3
yjhA,JW5778,M63,3
yjhB,JW5768,LB,3
yjhB,JW5768,M63,3
yjhC,JW5769,LB,3
yjhC,JW5769,M63,3
yjhD,JW5770,LB,3
yjhD,JW5770,M63,3
yjhE,JW4242,LB,3
yjhE,JW4242,M63,3
yjhF,JW4258,LB,3
yjhF,JW4258,M63,3
yjhG,JW4259,LB,3
yjhG,JW4259,M63,3
yjhH,JW5775,LB,3
yjhH,JW5775,M63,3
yjhI,JW4261,LB,3
yjhI,JW4261,M63,3
yjhP,JW4268,LB,3
yjhP,JW4268,M63,3
yjhQ,JW4269,LB,3
yjhQ,JW4269,M63,3
yjhR,JW4271,LB,3
yjhR,JW4271,M63,3
yjhS,JW4272,LB,3
yjhS,JW4272,M63,3
yjhT,JW5777,LB,3
yjhT,JW5777,M63,3
yjhU,JW5952,LB,3
yjhU,JW5952,M63,3
yjhV,JW4246,LB,3
yjhV,JW4246,M63,3
yjhX,JW5968,LB,3
yjhX,JW5968,M63,3
yjiA,JW5790,LB,3
yjiA,JW5790,M63,3
yjiC,JW4288,LB,3
yjiC,JW4288,M63,3
yjiD,JW5782,LB,3
yjiD,JW5782,M63,3
yjiE,JW4290,LB,3
yjiE,JW4290,M63,3
yjiG,JW4292,LB,3
yjiG,JW4292,M63,3
yjiH,JW5783,LB,3
yjiH,JW5783,M63,3
yjiJ,JW4295,LB,3
yjiJ,JW4295,M63,3
yjiK,JW5869,LB,3
yjiK,JW5869,M63,3
yjiL,JW5785,LB,3
yjiL,JW5785,M63,3
yjiM,JW5786,LB,3
yjiM,JW5786,M63,3
yjiN,JW4299,LB,3
yjiN,JW4299,M63,3
yjiO,JW4300,LB,3
yjiO,JW4300,M63,3
yjiP,JW5953,LB,3
yjiP,JW5953,M63,3
yjiQ,JW4302,LB,3
yjiQ,JW4302,M63,3
yjiR,JW4303,LB,3
yjiR,JW4303,M63,3
yjiS,JW4304,LB,3
yjiS,JW4304,M63,3
yjiT,JW5787,LB,3
yjiT,JW5787,M63,3
yjiV,JW5954,LB,3
yjiV,JW5954,M63,3
yjiW,JW4310,LB,3
yjiW,JW4310,M63,3
yjiX,JW4316,LB,3
yjiX,JW4316,M63,3
yjiY,JW5791,LB,3
yjiY,JW5791,M63,3
yjiZ,JW4319,LB,3
yjiZ,JW4319,M63,3
yjjA,JW5795,LB,3
yjjA,JW5795,M63,3
yjjB,JW4327,LB,3
yjjB,JW4327,M63,3
yjjG,JW4336,LB,3
yjjG,JW4336,M63,3
yjjI,JW4343,LB,3
yjjI,JW4343,M63,3
yjjJ,JW4348,LB,3
yjjJ,JW4348,M63,3
yjjK,JW4354,LB,3
yjjK,JW4354,M63,3
yjjM,JW5792,LB,3
yjjM,JW5792,M63,3
yjjN,JW5793,LB,3
yjjN,JW5793,M63,3
yjjP,JW5796,LB,3
yjjP,JW5796,M63,3
yjjQ,JW4329,LB,3
yjjQ,JW4329,M63,3
yjjU,JW4340,LB,3
yjjU,JW4340,M63,3
yjjV,JW4341,LB,3
yjjV,JW4341,M63,3
yjjW,JW4342,LB,3
yjjW,JW4342,M63,3
yjjX,JW5801,LB,3
yjjX,JW5801,M63,3
yjjY,JW4365,LB,3
yjjY,JW4365,M63,3
yjjZ,JW5797,LB,3
yjjZ,JW5797,M63,3
yjtD,JW4366,LB,3
yjtD,JW4366,M63,3
ykfA,JW0243,LB,3
ykfA,JW0243,M63,3
ykfB,JW0239,LB,3
ykfB,JW0239,M63,3
ykfC,JW5813,LB,3
ykfC,JW5813,M63,3
ykfF,JW5023,LB,3
ykfF,JW5023,M63,3
ykfG,JW0236,LB,3
ykfG,JW0236,M63,3
ykfH,JW5956,LB,3
ykfH,JW5956,M63,3
ykfI,JW0234,LB,3
ykfI,JW0234,M63,3
ykfJ,JW0225,LB,3
ykfJ,JW0225,M63,3
ykgA,JW5037,LB,3
ykgA,JW5037,M63,3
ykgB,JW5038,LB,3
ykgB,JW5038,M63,3
ykgC,JW5040,LB,3
ykgC,JW5040,M63,3
ykgD,JW0298,LB,3
ykgD,JW0298,M63,3
ykgE,JW5041,LB,3
ykgE,JW5041,M63,3
ykgF,JW0300,LB,3
ykgF,JW0300,M63,3
ykgG,JW5042,LB,3
ykgG,JW5042,M63,3
ykgH,JW0302,LB,3
ykgH,JW0302,M63,3
ykgI,JW5039,LB,3
ykgI,JW5039,M63,3
ykgJ,JW0282,LB,3
ykgJ,JW0282,M63,3
ykgK,JW5031,LB,3
ykgK,JW5031,M63,3
ykgL,JW5033,LB,3
ykgL,JW5033,M63,3
ykgM,JW5034,LB,6
ykgM,JW5034,M63,6
ykgN,JW0258,LB,3
ykgN,JW0258,M63,3
ykiA,JW0383,LB,3
ykiA,JW0383,M63,3
ykiB,JW5049,LB,3
ykiB,JW5049,M63,3
ylaB,JW5062,LB,3
ylaB,JW5062,M63,3
ylaC,JW5063,LB,3
ylaC,JW5063,M63,3
ylbA,JW0503,LB,3
ylbA,JW0503,M63,3
ylbE,JW0507,LB,6
ylbE,JW0507,M63,6
ylbF,JW0509,LB,3
ylbF,JW0509,M63,3
ylbH,JW0488,LB,3
ylbH,JW0488,M63,3
ylcE,JW0552,LB,3
ylcE,JW0552,M63,3
ylcG,JW5076,LB,3
ylcG,JW5076,M63,3
yliA,JW5897,LB,3
yliA,JW5897,M63,3
yliB,JW5111,LB,3
yliB,JW5111,M63,3
yliC,JW0815,LB,3
yliC,JW0815,M63,3
yliD,JW0816,LB,3
yliD,JW0816,M63,3
yliE,JW0817,LB,3
yliE,JW0817,M63,3
yliF,JW0818,LB,3
yliF,JW0818,M63,3
yliG,JW0819,LB,3
yliG,JW0819,M63,3
yliH,JW0820,LB,3
yliH,JW0820,M63,3
yliI,JW0821,LB,3
yliI,JW0821,M63,3
yliJ,JW0822,LB,3
yliJ,JW0822,M63,3
yliK,JW2884,LB,3
yliK,JW2884,M63,3
ymbA,JW5127,LB,3
ymbA,JW5127,M63,3
ymcA,JW0967,LB,3
ymcA,JW0967,M63,3
ymcB,JW0968,LB,3
ymcB,JW0968,M63,3
ymcC,JW0969,LB,3
ymcC,JW0969,M63,3
ymcD,JW5133,LB,3
ymcD,JW5133,M63,3
ymcE,JW0975,LB,3
ymcE,JW0975,M63,3
ymdA,JW1031,LB,3
ymdA,JW1031,M63,3
ymdB,JW1032,LB,3
ymdB,JW1032,M63,3
ymdC,JW5150,LB,3
ymdC,JW5150,M63,3
ymdE,JW5145,LB,3
ymdE,JW5145,M63,3
ymdF,JW5136,LB,3
ymdF,JW5136,M63,3
ymfA,JW5164,LB,3
ymfA,JW5164,M63,3
ymfB,JW1120,LB,3
ymfB,JW1120,M63,3
ymfC,JW1121,LB,3
ymfC,JW1121,M63,3
ymfD,JW1123,LB,3
ymfD,JW1123,M63,3
ymfE,JW5166,LB,3
ymfE,JW5166,M63,3
ymfG,JW1127,LB,3
ymfG,JW1127,M63,3
ymfH,JW1128,LB,3
ymfH,JW1128,M63,3
ymfI,JW5168,LB,3
ymfI,JW5168,M63,3
ymfJ,JW1130,LB,3
ymfJ,JW1130,M63,3
ymfL,JW1133,LB,3
ymfL,JW1133,M63,3
ymfM,JW1134,LB,3
ymfM,JW1134,M63,3
ymfN,JW1135,LB,3
ymfN,JW1135,M63,3
ymfO,JW1137,LB,3
ymfO,JW1137,M63,3
ymfP,JW5170,LB,3
ymfP,JW5170,M63,3
ymfQ,JW1139,LB,3
ymfQ,JW1139,M63,3
ymfR,JW1136,LB,3
ymfR,JW1136,M63,3
ymfS,JW5171,LB,3
ymfS,JW5171,M63,3
ymfT,JW5169,LB,3
ymfT,JW5169,M63,3
ymgA,JW1152,LB,3
ymgA,JW1152,M63,3
ymgB,JW1153,LB,3
ymgB,JW1153,M63,3
ymgC,JW1154,LB,3
ymgC,JW1154,M63,3
ymgD,JW5177,LB,3
ymgD,JW5177,M63,3
ymgE,JW1184,LB,3
ymgE,JW1184,M63,3
ymgF,JW1156,LB,3
ymgF,JW1156,M63,3
ymgG,JW5178,LB,3
ymgG,JW5178,M63,3
ymgH,JW5179,LB,3
ymgH,JW5179,M63,3
ymjA,JW1288,LB,3
ymjA,JW1288,M63,3
ymjB,JW5203,LB,3
ymjB,JW5203,M63,3
ymjC,JW5960,LB,3
ymjC,JW5960,M63,3
ynaA,JW1361,LB,3
ynaA,JW1361,M63,3
ynaE,JW1369,LB,3
ynaE,JW1369,M63,3
ynaI,JW1323,LB,3
ynaI,JW1323,M63,3
ynaJ,JW1326,LB,3
ynaJ,JW1326,M63,3
ynaK,JW1359,LB,3
ynaK,JW1359,M63,3
ynbA,JW1405,LB,3
ynbA,JW1405,M63,3
ynbB,JW1406,LB,3
ynbB,JW1406,M63,3
ynbC,JW1407,LB,3
ynbC,JW1407,M63,3
ynbD,JW1408,LB,3
ynbD,JW1408,M63,3
ynbE,JW1377,LB,3
ynbE,JW1377,M63,3
yncA,JW5233,LB,3
yncA,JW5233,M63,3
yncB,JW5907,LB,3
yncB,JW5907,M63,3
yncC,JW1445,LB,3
yncC,JW1445,M63,3
yncD,JW1446,LB,3
yncD,JW1446,M63,3
yncE,JW1447,LB,3
yncE,JW1447,M63,3
yncG,JW1449,LB,3
yncG,JW1449,M63,3
yncH,JW5235,LB,3
yncH,JW5235,M63,3
yncI,JW1453,LB,3
yncI,JW1453,M63,3
yncJ,JW1432,LB,3
yncJ,JW1432,M63,3
yncK,JW5961,LB,6
yncK,JW5961,M63,6
yncM,JW5237,LB,3
yncM,JW5237,M63,3
yncN,JW5230,LB,3
yncN,JW5230,M63,3
yneE,JW5245,LB,3
yneE,JW5245,M63,3
yneF,JW5825,LB,3
yneF,JW5825,M63,3
yneG,JW1516,LB,3
yneG,JW1516,M63,3
yneH,JW1517,LB,3
yneH,JW1517,M63,3
yneI,JW5247,LB,3
yneI,JW5247,M63,3
yneJ,JW1519,LB,3
yneJ,JW1519,M63,3
yneK,JW1520,LB,3
yneK,JW1520,M63,3
yneL,JW5244,LB,3
yneL,JW5244,M63,3
ynfA,JW1574,LB,3
ynfA,JW1574,M63,3
ynfB,JW1575,LB,3
ynfB,JW1575,M63,3
ynfC,JW5258,LB,3
ynfC,JW5258,M63,3
ynfD,JW5259,LB,3
ynfD,JW5259,M63,3
ynfE,JW1579,LB,3
ynfE,JW1579,M63,3
ynfF,JW5260,LB,3
ynfF,JW5260,M63,3
ynfG,JW1581,LB,3
ynfG,JW1581,M63,3
ynfH,JW5261,LB,3
ynfH,JW5261,M63,3
ynfK,JW5264,LB,3
ynfK,JW5264,M63,3
ynfL,JW1587,LB,3
ynfL,JW1587,M63,3
ynfM,JW1588,LB,3
ynfM,JW1588,M63,3
ynfN,JW5254,LB,3
ynfN,JW5254,M63,3
ynfO,JW5251,LB,3
ynfO,JW5251,M63,3
ynfP,JW5257,LB,3
ynfP,JW5257,M63,3
ynhG,JW1668,LB,3
ynhG,JW1668,M63,3
yniA,JW1714,LB,3
yniA,JW1714,M63,3
yniB,JW1715,LB,3
yniB,JW1715,M63,3
yniC,JW1716,LB,3
yniC,JW1716,M63,3
yniD,JW5911,LB,3
yniD,JW5911,M63,3
ynjA,JW1742,LB,3
ynjA,JW1742,M63,3
ynjB,JW5284,LB,3
ynjB,JW5284,M63,3
ynjC,JW5285,LB,3
ynjC,JW5285,M63,3
ynjD,JW5286,LB,3
ynjD,JW5286,M63,3
ynjE,JW5287,LB,3
ynjE,JW5287,M63,3
ynjF,JW1747,LB,3
ynjF,JW1747,M63,3
ynjH,JW1749,LB,3
ynjH,JW1749,M63,3
ynjI,JW5288,LB,3
ynjI,JW5288,M63,3
yoaA,JW1797,LB,3
yoaA,JW1797,M63,3
yoaB,JW5295,LB,3
yoaB,JW5295,M63,3
yoaC,JW5296,LB,3
yoaC,JW5296,M63,3
yoaD,JW1804,LB,3
yoaD,JW1804,M63,3
yoaE,JW1805,LB,3
yoaE,JW1805,M63,3
yoaF,JW1782,LB,3
yoaF,JW1782,M63,3
yoaG,JW1785,LB,3
yoaG,JW1785,M63,3
yoaH,JW1800,LB,3
yoaH,JW1800,M63,3
yobA,JW1830,LB,3
yobA,JW1830,M63,3
yobB,JW1832,LB,3
yobB,JW1832,M63,3
yobD,JW1809,LB,3
yobD,JW1809,M63,3
yobF,JW1813,LB,3
yobF,JW1813,M63,3
yobG,JW1815,LB,3
yobG,JW1815,M63,3
yobH,JW5298,LB,3
yobH,JW5298,M63,3
yodA,JW1956,LB,3
yodA,JW1956,M63,3
yodB,JW5323,LB,3
yodB,JW5323,M63,3
yodC,JW1940,LB,3
yodC,JW1940,M63,3
yodD,JW5317,LB,3
yodD,JW5317,M63,3
yoeA,JW5326,LB,3
yoeA,JW5326,M63,3
yoeB,JW5331,LB,3
yoeB,JW5331,M63,3
yoeE,JW1980,LB,3
yoeE,JW1980,M63,3
yoeF,JW5328,LB,3
yoeF,JW5328,M63,3
yohC,JW5356,LB,3
yohC,JW5356,M63,3
yohD,JW2124,LB,3
yohD,JW2124,M63,3
yohF,JW2125,LB,3
yohF,JW2125,M63,3
yohG,JW5838,LB,3
yohG,JW5838,M63,3
yohH,JW5358,LB,3
yohH,JW5358,M63,3
yohJ,JW2129,LB,3
yohJ,JW2129,M63,3
yohK,JW2130,LB,3
yohK,JW2130,M63,3
yohL,JW2092,LB,3
yohL,JW2092,M63,3
yohM,JW2093,LB,3
yohM,JW2093,M63,3
yohN,JW5346,LB,3
yohN,JW5346,M63,3
yohO,JW5354,LB,3
yohO,JW5354,M63,3
yojI,JW2199,LB,3
yojI,JW2199,M63,3
yojL,JW5368,LB,3
yojL,JW5368,M63,3
ypaA,JW5964,LB,3
ypaA,JW5964,M63,3
ypdA,JW5388,LB,3
ypdA,JW5388,M63,3
ypdB,JW2378,LB,3
ypdB,JW2378,M63,3
ypdC,JW2379,LB,3
ypdC,JW2379,M63,3
ypdD,JW2380,LB,3
ypdD,JW2380,M63,3
ypdE,JW2381,LB,3
ypdE,JW2381,M63,3
ypdF,JW2382,LB,3
ypdF,JW2382,M63,3
ypdG,JW2383,LB,3
ypdG,JW2383,M63,3
ypdH,JW5389,LB,3
ypdH,JW5389,M63,3
ypdI,JW2373,LB,3
ypdI,JW2373,M63,3
ypdJ,JW5386,LB,3
ypdJ,JW5386,M63,3
ypeA,JW2427,LB,3
ypeA,JW2427,M63,3
ypeB,JW5877,LB,3
ypeB,JW5877,M63,3
ypeC,JW2387,LB,3
ypeC,JW2387,M63,3
ypfE,JW2446,LB,3
ypfE,JW2446,M63,3
ypfG,JW2450,LB,3
ypfG,JW2450,M63,3
ypfH,JW5396,LB,3
ypfH,JW5396,M63,3
ypfI,JW2459,LB,3
ypfI,JW2459,M63,3
ypfJ,JW2460,LB,3
ypfJ,JW2460,M63,3
ypfN,JW2457,LB,3
ypfN,JW2457,M63,3
yphA,JW2527,LB,3
yphA,JW2527,M63,3
yphB,JW2528,LB,3
yphB,JW2528,M63,3
yphC,JW5842,LB,3
yphC,JW5842,M63,3
yphD,JW2530,LB,3
yphD,JW2530,M63,3
yphE,JW2531,LB,3
yphE,JW2531,M63,3
yphF,JW2532,LB,3
yphF,JW2532,M63,3
yphG,JW5405,LB,3
yphG,JW5405,M63,3
yphH,JW5406,LB,3
yphH,JW5406,M63,3
ypjA,JW5422,LB,3
ypjA,JW5422,M63,3
ypjB,JW2629,LB,3
ypjB,JW2629,M63,3
ypjC,JW5424,LB,3
ypjC,JW5424,M63,3
ypjD,JW2592,LB,3
ypjD,JW2592,M63,3
ypjF,JW2627,LB,3
ypjF,JW2627,M63,3
ypjJ,JW5421,LB,3
ypjJ,JW5421,M63,3
ypjL,JW5922,LB,3
ypjL,JW5922,M63,3
ypjM,JW5420,LB,3
ypjM,JW5420,M63,3
yqaA,JW2664,LB,3
yqaA,JW2664,M63,3
yqaB,JW2665,LB,3
yqaB,JW2665,M63,3
yqaC,JW5426,LB,3
yqaC,JW5426,M63,3
yqaD,JW2633,LB,3
yqaD,JW2633,M63,3
yqaE,JW2641,LB,3
yqaE,JW2641,M63,3
yqcA,JW2761,LB,3
yqcA,JW2761,M63,3
yqcB,JW2762,LB,3
yqcB,JW2762,M63,3
yqcC,JW2763,LB,3
yqcC,JW2763,M63,3
yqcD,JW2765,LB,3
yqcD,JW2765,M63,3
yqcE,JW2746,LB,3
yqcE,JW2746,M63,3
yqeA,JW2842,LB,3
yqeA,JW2842,M63,3
yqeB,JW2843,LB,3
yqeB,JW2843,M63,3
yqeC,JW5464,LB,3
yqeC,JW5464,M63,3
yqeF,JW5453,LB,3
yqeF,JW5453,M63,3
yqeG,JW2813,LB,3
yqeG,JW2813,M63,3
yqeH,JW5454,LB,3
yqeH,JW5454,M63,3
yqeI,JW2815,LB,3
yqeI,JW2815,M63,3
yqeJ,JW5455,LB,3
yqeJ,JW5455,M63,3
yqeK,JW2817,LB,3
yqeK,JW2817,M63,3
yqfA,JW2867,LB,3
yqfA,JW2867,M63,3
yqfB,JW2868,LB,3
yqfB,JW2868,M63,3
yqfE,JW2882,LB,3
yqfE,JW2882,M63,3
yqgA,JW2934,LB,3
yqgA,JW2934,M63,3
yqgB,JW2906,LB,3
yqgB,JW2906,M63,3
yqgC,JW2907,LB,3
yqgC,JW2907,M63,3
yqgE,JW2915,LB,3
yqgE,JW2915,M63,3
yqhA,JW2971,LB,3
yqhA,JW2971,M63,3
yqhC,JW5849,LB,3
yqhC,JW5849,M63,3
yqhD,JW2978,LB,3
yqhD,JW2978,M63,3
yqhG,JW5500,LB,3
yqhG,JW5500,M63,3
yqhH,JW2982,LB,3
yqhH,JW2982,M63,3
yqiA,JW2999,LB,3
yqiA,JW2999,M63,3
yqiB,JW3001,LB,3
yqiB,JW3001,M63,3
yqiC,JW5505,LB,3
yqiC,JW5505,M63,3
yqiG,JW5507,LB,3
yqiG,JW5507,M63,3
yqiH,JW5508,LB,3
yqiH,JW5508,M63,3
yqiI,JW5509,LB,3
yqiI,JW5509,M63,3
yqiJ,JW3022,LB,3
yqiJ,JW3022,M63,3
yqiK,JW3023,LB,3
yqiK,JW3023,M63,3
yqjA,JW3066,LB,3
yqjA,JW3066,M63,3
yqjB,JW3067,LB,3
yqjB,JW3067,M63,3
yqjC,JW5516,LB,3
yqjC,JW5516,M63,3
yqjD,JW3069,LB,3
yqjD,JW3069,M63,3
yqjE,JW3070,LB,3
yqjE,JW3070,M63,3
yqjF,JW5850,LB,3
yqjF,JW5850,M63,3
yqjG,JW3073,LB,3
yqjG,JW3073,M63,3
yqjH,JW3041,LB,3
yqjH,JW3041,M63,3
yqjI,JW3042,LB,3
yqjI,JW3042,M63,3
yqjK,JW3071,LB,3
yqjK,JW3071,M63,3
yraH,JW3111,LB,3
yraH,JW3111,M63,3
yraI,JW3112,LB,3
yraI,JW3112,M63,3
yraJ,JW3113,LB,3
yraJ,JW3113,M63,3
yraK,JW3114,LB,3
yraK,JW3114,M63,3
yraM,JW3116,LB,3
yraM,JW3116,M63,3
yraN,JW3117,LB,3
yraN,JW3117,M63,3
yraO,JW3118,LB,3
yraO,JW3118,M63,3
yraP,JW3119,LB,3
yraP,JW3119,M63,3
yraQ,JW3120,LB,3
yraQ,JW3120,M63,3
yraR,JW5528,LB,3
yraR,JW5528,M63,3
yrbA,JW3157,LB,3
yrbA,JW3157,M63,3
yrbC,JW3159,LB,3
yrbC,JW3159,M63,3
yrbD,JW3160,LB,3
yrbD,JW3160,M63,3
yrbE,JW3161,LB,3
yrbE,JW3161,M63,3
yrbF,JW3162,LB,3
yrbF,JW3162,M63,3
yrbG,JW3163,LB,3
yrbG,JW3163,M63,3
yrbL,JW3174,LB,3
yrbL,JW3174,M63,3
yrdA,JW5710,LB,3
yrdA,JW5710,M63,3
yrdB,JW3241,LB,3
yrdB,JW3241,M63,3
yrdD,JW5949,LB,3
yrdD,JW5949,M63,3
yrfA,JW5694,LB,3
yrfA,JW5694,M63,3
yrfB,JW3356,LB,3
yrfB,JW3356,M63,3
yrfC,JW3357,LB,3
yrfC,JW3357,M63,3
yrfD,JW5693,LB,3
yrfD,JW5693,M63,3
yrfG,JW5865,LB,3
yrfG,JW5865,M63,3
yrhA,JW5864,LB,3
yrhA,JW5864,M63,3
yrhB,JW3411,LB,3
yrhB,JW3411,M63,3
yrhC,JW5678,LB,3
yrhC,JW5678,M63,3
ysaB,JW3532,LB,3
ysaB,JW3532,M63,3
ysdC,JW5937,LB,3
ysdC,JW5937,M63,3
ysgA,JW5853,LB,3
ysgA,JW5853,M63,3
ytfA,JW4163,LB,3
ytfA,JW4163,M63,3
ytfB,JW5745,LB,3
ytfB,JW5745,M63,3
ytfE,JW4167,LB,3
ytfE,JW4167,M63,3
ytfF,JW4168,LB,3
ytfF,JW4168,M63,3
ytfG,JW4169,LB,3
ytfG,JW4169,M63,3
ytfH,JW5747,LB,3
ytfH,JW5747,M63,3
ytfI,JW5748,LB,3
ytfI,JW5748,M63,3
ytfJ,JW4175,LB,3
ytfJ,JW4175,M63,3
ytfK,JW5749,LB,3
ytfK,JW5749,M63,3
ytfL,JW4177,LB,3
ytfL,JW4177,M63,3
ytfM,JW4179,LB,3
ytfM,JW4179,M63,3
ytfN,JW4180,LB,3
ytfN,JW4180,M63,3
ytfP,JW4181,LB,3
ytfP,JW4181,M63,3
ytfQ,JW4186,LB,3
ytfQ,JW4186,M63,3
ytfR,JW5752,LB,3
ytfR,JW5752,M63,3
ytfT,JW5753,LB,3
ytfT,JW5753,M63,3
ytjB,JW4350,LB,3
ytjB,JW4350,M63,3
ytjC,JW4358,LB,3
ytjC,JW4358,M63,3
yzcX,JW3780,LB,3
yzcX,JW3780,M63,3
yzfA,JW4182,LB,3
yzfA,JW4182,M63,3
yzgL,JW3390,LB,3
yzgL,JW3390,M63,3
zapA,JW2878,LB,3
zapA,JW2878,M63,3
zitB,JW0735,LB,3
zitB,JW0735,M63,3
zntA,JW3434,LB,3
zntA,JW3434,M63,3
zntR,JW3254,LB,3
zntR,JW3254,M63,3
znuA,JW5831,LB,3
znuA,JW5831,M63,3
znuB,JW1848,LB,3
znuB,JW1848,M63,3
znuC,JW1847,LB,3
znuC,JW1847,M63,3
zraP,JW5546,LB,3
zraP,JW5546,M63,3
zraR,JW3968,LB,3
zraR,JW3968,M63,3
zraS,JW3967,LB,3
zraS,JW3967,M63,3
zupT,JW3007,LB,3
zupT,JW3007,M63,3
zur,JW5714,LB,3
zur,JW5714,M63,3
zwf,JW1841,LB,3
zwf,JW1841,M63,3
